/*
Navicat MySQL Data Transfer

Source Server         : buildweb
Source Server Version : 50505
Source Host           : localhost:3306
Source Database       : webbanhang01_db

Target Server Type    : MYSQL
Target Server Version : 50505
File Encoding         : 65001

Date: 2017-05-08 03:05:19
*/

SET FOREIGN_KEY_CHECKS=0;

-- ----------------------------
-- Table structure for articles
-- ----------------------------
DROP TABLE IF EXISTS `articles`;
CREATE TABLE `articles` (
  `id` int(10) unsigned NOT NULL AUTO_INCREMENT,
  `title` varchar(255) COLLATE utf8_unicode_ci NOT NULL,
  `content` longtext COLLATE utf8_unicode_ci NOT NULL,
  `slug` varchar(255) COLLATE utf8_unicode_ci NOT NULL,
  `imgThumb` varchar(255) COLLATE utf8_unicode_ci DEFAULT NULL,
  `description` mediumtext COLLATE utf8_unicode_ci,
  `user_id` int(11) NOT NULL,
  `cate_id` int(10) unsigned NOT NULL,
  `time_public` datetime DEFAULT NULL,
  `hot` tinyint(4) DEFAULT NULL,
  `status` tinyint(4) DEFAULT NULL,
  `view` int(11) DEFAULT NULL,
  `created_at` timestamp NULL DEFAULT NULL,
  `updated_at` timestamp NULL DEFAULT NULL,
  PRIMARY KEY (`id`)
) ENGINE=InnoDB AUTO_INCREMENT=10 DEFAULT CHARSET=utf8 COLLATE=utf8_unicode_ci;

-- ----------------------------
-- Records of articles
-- ----------------------------
INSERT INTO `articles` VALUES ('1', 'Xe tải tông chết 9 con trâu rồi lao xuống vực', '<p>Chiều qua (6/5), chiếc xe tải đang lưu th&ocirc;ng tr&ecirc;n quốc lộ 1B, đoạn qua x&atilde; Vĩnh Lại (huyện Văn Quan, tỉnh Lạng Sơn) bất ngờ mất phanh n&ecirc;n đ&atilde; lao xuống dốc với tốc độ ch&oacute;ng mặt. Chiếc xe đ&acirc;m chết 9 con tr&acirc;u của một hộ d&acirc;n địa phương. Rất may vụ tai nạn kh&ocirc;ng g&acirc;y thiệt hại về người.<br />\r\n9 con tr&acirc;u đ&atilde; bị chiếc xe tải mất phanh đ&acirc;m chết.<br />\r\n9 con tr&acirc;u đ&atilde; bị chiếc xe tải mất phanh đ&acirc;m chết.<br />\r\nChiếc xe tải sau khi đ&acirc;m v&agrave;o đ&agrave;n tr&acirc;u đ&atilde; lao xuống vực. (Ảnh bạn đọc cung cấp).<br />\r\nChiếc xe tải sau khi đ&acirc;m v&agrave;o đ&agrave;n tr&acirc;u đ&atilde; lao xuống vực. (Ảnh bạn đọc cung cấp).<br />\r\nLi&ecirc;n quan đến vụ tai nạn n&oacute;i tr&ecirc;n, s&aacute;ng nay (7/5), trao đổi nhanh với ph&oacute;ng vi&ecirc;n D&acirc;n tr&iacute;, &ocirc;ng Vy Thế Hồng, Chủ tịch UBND huyện Văn Quan th&ocirc;ng tin, khoảng 14h30 chiều 6/5, chiếc xe tải mang BKS 12C-023.90 đang lưu th&ocirc;ng tr&ecirc;n quốc lộ 1B theo hướng về TP Lạng Sơn, khi đi đến Km23+800 quốc lộ 1B, thuộc địa b&agrave;n x&atilde; Vĩnh Lại th&igrave; bất ngờ đ&acirc;m v&agrave;o đ&agrave;n tr&acirc;u đang di chuyển tr&ecirc;n đường. Hậu quả, 9 con tr&acirc;u bị chết tại chỗ, xe tải lao xuống vực. Rất may vụ tai nạn chỉ l&agrave;m một người bị thương nhẹ.</p>\r\n\r\n<p>&quot;Chiếc xe tải n&agrave;y chở nhựa trải đường v&agrave; bị mất phanh từ tr&ecirc;n đỉnh dốc, l&aacute;i xe đ&atilde; bấm c&ograve;i cảnh b&aacute;o li&ecirc;n tục cho người đi đường biết. Nhưng khi xuống dốc, xe lao đi tốc độ qu&aacute; nhanh, l&aacute;i xe kh&ocirc;ng l&agrave;m chủ được phương tiện nữa n&ecirc;n đ&atilde; đ&acirc;m v&agrave;o đ&agrave;n tr&acirc;u đang đi tr&ecirc;n đường, l&agrave;m 9 con chết tại chỗ. Xe tải sau đ&oacute; lao xuống vực, rất may chỉ c&oacute; một người bị thương nhẹ&quot; - &ocirc;ng Hồng cho biết.</p>\r\n\r\n<p>Cũng theo &ocirc;ng Hồng, sau vụ tai nạn, lực lượng chức năng khu vực đ&atilde; c&oacute; mặt tại hiện trường để xử l&yacute; vụ việc. Đồng thời, trong chiều c&ugrave;ng ng&agrave;y, chủ xe tải gặp nạn n&oacute;i tr&ecirc;n v&agrave; gia đ&igrave;nh c&oacute; tr&acirc;u chết đ&atilde; gặp nhau n&oacute;i chuyện, thống nhất xong phương &aacute;n đền b&ugrave;.</p>\r\n\r\n<p>Nguyễn Dương</p>', 'xe-tai-tong-chet-9-con-trau-roi-lao-xuong-vuc', 'bT7ZF_xe-tai-dam-trau-chet-1494121110124.jpg', null, '1', '3', '2017-05-07 18:34:00', '1', null, null, '2017-05-07 18:38:16', '2017-05-08 02:37:29');
INSERT INTO `articles` VALUES ('2', 'Sét đánh chết 6 con trâu, người chăn bất tỉnh', '<p>Thấy cơn gi&ocirc;ng từ xa, chủ tr&acirc;u vội v&agrave;ng xua đ&agrave;n tr&acirc;u về nhưng vẫn kh&ocirc;ng kịp. Trong mưa gi&ocirc;ng, s&eacute;t đ&aacute;nh tr&uacute;ng đ&agrave;n tr&acirc;u, l&agrave;m chết 6 con. Chủ tr&acirc;u may mắn kh&ocirc;ng thiệt mạng.</p>\r\n\r\n<p>&Ocirc;ng Nguyễn Văn &Aacute;n (53 tuổi, tr&uacute; tại x&oacute;m Ng&agrave;nh x&atilde; Tiến Sơn, huyện Lương Sơn, H&ograve;a B&igrave;nh) cho PV D&acirc;n tr&iacute; biết, sau khi dự đ&aacute;m cưới người trong gia đ&igrave;nh, khoảng 13h ng&agrave;y 6/5/2017, &ocirc;ng l&ecirc;n đỉnh đồi Đ&aacute; Sanh (x&atilde; Tiến Sơn) thăm đ&agrave;n tr&acirc;u 14 con của gia đ&igrave;nh đang thả tr&ecirc;n đ&oacute;. L&ecirc;n tới nơi, nh&igrave;n sang huyện Kim B&ocirc;i, tỉnh H&ograve;a B&igrave;nh, thấy trời c&oacute; gi&ocirc;ng c&oacute; sấm, &ocirc;ng liền đuổi đ&agrave;n tr&acirc;u về.</p>\r\n\r\n<p>Tr&ecirc;n đường về, &ocirc;ng đi c&aacute;ch sau con tr&acirc;u đực cuối c&ugrave;ng khoảng 2m th&igrave; đột nhi&ecirc;n thấy mắt tối sầm rồi ngất đi.</p>\r\n\r\n<p>Phải thật l&acirc;u sau khi tỉnh dậy, &ocirc;ng thấy m&igrave;nh nằm dưới đất. Trời mưa to, đầu &ocirc;ng gối v&agrave;o m&ocirc;ng con tr&acirc;u đực, hai ch&acirc;n bị t&ecirc; liệt. Cố gắng ngẩng dậy, &ocirc;ng thấy 6 con tr&acirc;u của nh&agrave; m&igrave;nh nằm chết theo h&agrave;ng dọc.</p>\r\n\r\n<p>Sau khi xoa b&oacute;p ch&acirc;n một l&uacute;c, &ocirc;ng mới đứng dậy được. Hết hoảng loạn, định thần lại, &ocirc;ng x&aacute;c định bị ngất xỉu v&agrave; 6 con tr&acirc;u của gia đ&igrave;nh bị chết l&agrave; do bị s&eacute;t đ&aacute;nh.</p>\r\n\r\n<p>Sợ bị s&eacute;t đ&aacute;nh tiếp, &ocirc;ng &Aacute;n phải chặt c&acirc;y l&agrave;m gậy chống lết đến c&aacute;ch chỗ tr&acirc;u chết khoảng 1km mới d&aacute;m gọi điện b&aacute;o gia đ&igrave;nh.</p>\r\n\r\n<p>Theo &ocirc;ng Nguyễn Văn &Aacute;n, đ&agrave;n tr&acirc;u nh&agrave; &ocirc;ng c&oacute; 14 con, s&eacute;t đ&aacute;nh chết 6 con, trong đ&oacute;, 4 con tr&acirc;u 3 tuổi, 1 con 2 tuổi v&agrave; 1 con ngh&eacute; 10 th&aacute;ng tuổi, thiệt hại gần 100 triệu đồng.</p>\r\n\r\n<p><br />\r\nĐến h&ocirc;m nay &ocirc;ng Nguyễn Văn &Aacute;n văn chưa hết &aacute;m ảnh vụ s&eacute;t đ&aacute;nh, hai ch&acirc;n của &ocirc;ng vẫn c&ograve;n đau cứng.</p>\r\n\r\n<p>&Ocirc;ng Nguyễn Văn Quinh &ndash; Chủ tịch UBND x&atilde; Tiến Sơn (H&ograve;a B&igrave;nh) cho biết, sau khi nhận được th&ocirc;ng b&aacute;o về việc gia đ&igrave;nh &ocirc;ng &Aacute;n c&oacute; 6 con ch&acirc;u bị s&eacute;t đ&aacute;nh chết, x&atilde; Tiến Sơn đ&atilde; b&aacute;o c&aacute;o UBND huyện Lương Sơn. UBND x&atilde; đồng thời cử c&aacute;n bộ l&ecirc;n tận hiện trường c&ugrave;ng với gia đ&igrave;nh lập bi&ecirc;n bản x&aacute;c định nguy&ecirc;n nh&acirc;n, đ&aacute;nh gi&aacute; thiệt hại, tập trung vận chuyển tr&acirc;u chết về, thăm hỏi sức khỏe, chia sẻ c&ugrave;ng gia đ&igrave;nh &ocirc;ng Nguyễn Văn &Aacute;n.</p>\r\n\r\n<p>Cũng theo Chủ tịch UBND x&atilde;, đ&acirc;y l&agrave; lần đầu ti&ecirc;n địa b&agrave;n x&atilde; bị một vụ s&eacute;t đ&aacute;nh thiệt hại lớn về gia s&uacute;c. Qua vụ s&eacute;t đ&aacute;nh lần n&agrave;y, x&atilde; sẽ l&agrave; cảnh b&aacute;o đến b&agrave; con nh&acirc;n d&acirc;n để lưu &yacute; việc chăn thả gia s&uacute;c, hạn chế chăn thả tr&acirc;u b&ograve; tr&ecirc;n đồi, n&uacute;i cao để tr&aacute;nh sự việc đ&aacute;ng tiếc trong m&ugrave;a mưa b&atilde;o, giảm thiệt hại đến t&iacute;nh mạng v&agrave; t&agrave;i sản của người d&acirc;n.</p>\r\n\r\n<p><br />\r\nĐ&agrave;n tr&acirc;u bị s&eacute;t đ&aacute;nh chết, nằm ngổn ngang tr&ecirc;n đồi<br />\r\nĐ&agrave;n tr&acirc;u bị s&eacute;t đ&aacute;nh chết, nằm ngổn ngang tr&ecirc;n đồi<br />\r\nĐ&agrave;m Quang</p>', 'set-danh-chet-6-con-trau-nguoi-chan-bat-tinh', 'PXatO_18341821-1469549546401808-6170723528613819664-n-1494143497027.jpg', null, '1', '3', '2017-05-07 18:40:00', '1', null, null, '2017-05-07 18:42:31', '2017-05-07 18:42:31');
INSERT INTO `articles` VALUES ('3', 'Xe tải “hung thần” tông trạm thu phí ngay trước khi đâm xe khách', '<p>Theo camera tại trạm thu ph&iacute; tại x&atilde; Ia Băng (Chư Pr&ocirc;ng, Gia Lai) ghi lại h&igrave;nh ảnh v&agrave;o l&uacute;c 4h16, ng&agrave;y 7/5, chiếc xe tải xe tải 77C-139.37 lao nhanh, t&ocirc;ng v&agrave;o thanh chắn của trạm chứ kh&ocirc;ng dừng lại mua v&eacute;. Sau đ&oacute;, chiếc xe tải di chuyển tới thị trấn Chư S&ecirc;, đi ngược đường, đấu đầu xe kh&aacute;ch, g&acirc;y ra vụ tai nạn thảm khốc khiến 13 người tử vong.<br />\r\nChiếc xe t&ocirc;ng trạm BOT trước khi g&acirc;y tai nạn thảm khốc khi đấu đầu xe kh&aacute;ch<br />\r\nĐược biết Trạm BOT thu ph&iacute; BOT thuộc địa phận x&atilde; Ia Băng (Chư Pr&ocirc;ng, Gia Lai), nằm c&aacute;ch TP.PLeiku 32 km v&agrave; c&aacute;ch Chư S&ecirc; gần 20 km. Sau khi t&ocirc;ng g&atilde;y thanh chắn trạm thu ph&iacute;, t&agrave;i xế xe tải tiếp tục chạy với tốc độ cao, lao nhanh tr&ecirc;n QL 14 về hướng thị trấn Chư S&ecirc; th&igrave; g&acirc;y vụ tai nạn thương t&acirc;m.</p>\r\n\r\n<p>Li&ecirc;n quan đến vụ tai nạn l&agrave;m 12 người chết v&agrave; h&agrave;ng chục người bị thương ở Gia Lai, &ocirc;ng Phạm Danh Ng&ocirc;n (Trạm trưởng trạm thu ph&iacute; số 1, thuộc tập đo&agrave;n Đức Long Gia Lai, đ&oacute;ng tại x&atilde; Ia Băng, huyện Chư Pr&ocirc;ng, tỉnh Gia Lai) cho biết: &ldquo;Chiếc xe tải trong vụ tai nạn thảm khốc đ&atilde; t&ocirc;ng v&agrave;o thanh chắn của trạm. v&agrave; vượt đi m&agrave; kh&ocirc;ng dừng lại để nạp trạm thu ph&iacute;&hellip;&rdquo;</p>\r\n\r\n<p>Theo &ocirc;ng Ng&ocirc;n, sự việc xảy ra l&uacute;c 4h16&rsquo; ng&agrave;y 7/5, khi đến trạm, chiếc xe tải chạy rất nhanh v&agrave; t&ocirc;ng v&agrave;o thanh chắn, văng ra ngo&agrave;i rồi tiếp tục bỏ chạy theo hướng về huyện Chư S&ecirc; chứ kh&ocirc;ng dừng lại mua v&eacute;. Đến s&aacute;ng nay, nghe tin về vụ tai nạn, &ocirc;ng tra lại h&igrave;nh ảnh chiếc xe vượt trạm th&igrave; mới biết đ&acirc;y ch&iacute;nh l&agrave; phương tiện trong vụ tai nạn thảm khốc xảy ra ở huyện Chư S&ecirc;.</p>\r\n\r\n<p>Được biết, trong qu&aacute; tr&igrave;nh trốn chạy, l&aacute;i xe tải n&agrave;y c&oacute; gặp một xe tuần tra của lực lượng cảnh s&aacute;t. Lực lượng tuần tra cũng ghi nhận, t&agrave;i xế xe tải n&agrave;y chạy tốc độ rất cao tr&ecirc;n đường, lực lượng chưa kịp ra hiệu lệnh dừng xe th&igrave; 10 ph&uacute;t sau đ&atilde; nhận th&ocirc;ng tin phương tiện n&agrave;y g&acirc;y ra tai nạn.</p>\r\n\r\n<p>Hiện C&ocirc;ng an tỉnh Gia Lai đ&atilde; kiến nghị ng&agrave;nh y tế lấy mẫu kiểm tra, liệu t&agrave;i xế &ocirc;t&ocirc; tải g&acirc;y ra vụ tai nạn c&oacute; &quot;d&iacute;nh&quot; đến ma t&uacute;y, ng&aacute;o đ&aacute; hay kh&ocirc;ng.</p>\r\n\r\n<p>Danh s&aacute;ch nạn nh&acirc;n tử nạn trong vụ tai nạn:</p>\r\n\r\n<p>1.Đặng Văn Thịnh (44 tuổi, Nam Định)</p>\r\n\r\n<p>2. Vũ Trọng Kho&aacute;i, (63 tuổi, TP Bu&ocirc;n Ma Thuột)</p>\r\n\r\n<p>3. Ho&agrave;ng Thị Đ&agrave;o (60 tuổi).</p>\r\n\r\n<p>4. Ho&agrave;ng Văn Hiếu (22 tuổi)</p>\r\n\r\n<p>5. Nguyễn Quốc Trịnh (67, tỉnh H&agrave; Nam)</p>\r\n\r\n<p>6. Nguyễn Văn Vượng ( 67, Nam Định)</p>\r\n\r\n<p>7. Phạm Kim Ngọc Hiệp ( 27, TP Kon Tum)</p>\r\n\r\n<p>8. Vũ Văn Hệ (phụ xe kh&aacute;ch, tỉnh Đắk N&ocirc;ng).</p>\r\n\r\n<p>4 nạn nh&acirc;n c&ograve;n lại chưa r&otilde; danh t&iacute;nh.</p>\r\n\r\n<p>Danh s&aacute;ch nạn nh&acirc;n bị thương trong vụ tai nạn</p>\r\n\r\n<p>1. Vũ Văn Phong (45 tuổi)</p>\r\n\r\n<p>2. Ph&ugrave;ng Thị Dung, (55 tuổi)</p>\r\n\r\n<p>3. Trần Văn Nguy&ecirc;n (19 tuổi)</p>\r\n\r\n<p>4. Cao Văn M&ocirc;n( 54 tuổi)</p>\r\n\r\n<p>5. Nguyễn Đức Danh(30 tuổi)</p>\r\n\r\n<p>6. Đ&agrave;m Xu&acirc;n Nam (33 tuổi)</p>\r\n\r\n<p>7. Đo&agrave;n Văn Trường(47 tuổi)</p>\r\n\r\n<p>8. L&atilde; Thị Hoa (61 tuổi)</p>\r\n\r\n<p>9. Trịnh Thị Nụ (58 tuổi)</p>\r\n\r\n<p>10. Phan Văn Trường (50 tuổi)</p>\r\n\r\n<p>11. Nguyễn Thị Định (53 tuổi)</p>\r\n\r\n<p>12. Vương Văn H&agrave;nh (42 tuổi)</p>\r\n\r\n<p>13. Trịnh Văn Đ&agrave;m (34 tuổi)</p>\r\n\r\n<p>14. Ho&agrave;ng Thị Hoa (60 tuổi)</p>\r\n\r\n<p>15. Trần Thị Bi&ecirc;n (83 tuổi)</p>\r\n\r\n<p>16. Đinh Thị X&aacute; (51 tuổi)</p>\r\n\r\n<p>17. Phạm Đức Thoan ( 45 tuổi)</p>\r\n\r\n<p>18. Nguyễn Thị Sơn (51 tuổi)</p>\r\n\r\n<p>19. Ho&agrave;ng Trọng Dần (55 tuổi)</p>\r\n\r\n<p>20. Phạm Thị Ngọc (45 tuổi)</p>\r\n\r\n<p>21. Đinh Văn Tinh (41 tuổi)</p>\r\n\r\n<p>22. Trần Đức T&uacute; (16 tuổi)</p>\r\n\r\n<p>23. Đ&agrave;m Văn Trung ( 32 tuổi)</p>\r\n\r\n<p>24. Trương Ngọc Quy (65 tuổi)</p>\r\n\r\n<p>25. Nguyễn Thanh (26 tuổi)</p>\r\n\r\n<p>26. L&ecirc; Phước Anh (5 tuổi)</p>\r\n\r\n<p>27. Ho&agrave;ng Thị Tuyết (31 tuổi)</p>\r\n\r\n<p>28. Nguyễn Anh T&ugrave;ng (31 tuổi)</p>\r\n\r\n<p>29. Trần Văn Dương (42 tuổi)</p>\r\n\r\n<p>30. Phạm Văn H&ugrave;ng (48 tuổi )</p>\r\n\r\n<p>C&ograve;n 6 nạn nh&acirc;n c&ograve;n lại chưa r&otilde; danh t&iacute;nh</p>\r\n\r\n<p>Phạm Ho&agrave;ng</p>', 'xe-tai-hung-than-tong-tram-thu-phi-ngay-truoc-khi-dam-xe-khach', 'EiYVg_1_78476.jpg', null, '1', '3', '2017-05-07 18:43:00', '1', null, null, '2017-05-07 18:45:33', '2017-05-07 18:45:33');
INSERT INTO `articles` VALUES ('4', 'Công ty đóng tàu đổ lỗi do ngư dân bảo dưỡng không phù hợp', '<p>Những ngư d&acirc;n c&oacute; t&agrave;u bị hư hỏng c&oacute; đơn gửi c&aacute;c ng&agrave;nh chức năng tỉnh B&igrave;nh Định cho rằng hợp đồng ghi th&eacute;p đ&oacute;ng t&agrave;u của H&agrave;n Quốc nhưng thực tế đơn vị đ&oacute;ng t&agrave;u lại d&ugrave;ng th&eacute;p Trung Quốc, thậm ch&iacute; ngư d&acirc;n nghi ngờ m&aacute;y ch&iacute;nh của t&agrave;u d&ugrave;ng m&aacute;y cũ. Trong khi đ&oacute;, c&aacute;c c&ocirc;ng ty đ&oacute;ng t&agrave;u lại cho rằng việc t&agrave;u c&aacute; bị hư hỏng l&agrave; do ngư d&acirc;n bảo dưỡng, bảo tr&igrave; t&agrave;u kh&ocirc;ng ph&ugrave; hợp.<br />\r\n&nbsp;&gt;&gt; Ngư d&acirc;n khốn đốn v&igrave; nhiều t&agrave;u vỏ th&eacute;p vừa đ&oacute;ng đ&atilde; hư hỏng<br />\r\n&nbsp;&gt;&gt; Nhiều t&agrave;u th&eacute;p đ&aacute;nh bắt thua lỗ, ngư d&acirc;n lo g&aacute;nh nợ ng&acirc;n h&agrave;ng</p>\r\n\r\n<p>Vụ nhiều t&agrave;u vỏ th&eacute;p vừa hạ thủy đ&atilde; hư hỏng: C&ocirc;ng ty đ&oacute;ng t&agrave;u đổ lỗi do ngư d&acirc;n bảo dưỡng kh&ocirc;ng ph&ugrave; hợp<br />\r\nLi&ecirc;n quan đến vụ việc tr&ecirc;n, ng&agrave;y 5/5, Sở N&ocirc;ng nghiệp v&agrave; Ph&aacute;t triển N&ocirc;ng th&ocirc;n tỉnh B&igrave;nh Định, Trung t&acirc;m Đăng kiểm t&agrave;u c&aacute; (Tổng cục Thủy sản) v&agrave; 2 c&ocirc;ng ty đ&oacute;ng t&agrave;u gồm: C&ocirc;ng ty TNHH Đại Nguy&ecirc;n Dương (Nam Định), C&ocirc;ng ty TNHH MTV Nam Triệu (Hải Ph&ograve;ng) đ&atilde; c&oacute; buổi họp với 20 ngư d&acirc;n B&igrave;nh Định để giải quyết việc t&agrave;u c&aacute; vỏ th&eacute;p đ&oacute;ng mới tr&ecirc;n địa b&agrave;n tỉnh n&agrave;y vừa hạ thủy đ&atilde; bị hư hỏng.</p>\r\n\r\n<p>Thế nhưng, sự việc vẫn chưa đến hồi kết bởi ngư d&acirc;n cho rằng, đơn vị đ&oacute;ng t&agrave;u chưa thực hiện đ&uacute;ng với hợp đồng. Trong khi đ&oacute;, c&aacute;c c&ocirc;ng ty đ&oacute;ng t&agrave;u lại cho rằng việc t&agrave;u c&aacute; vỏ th&eacute;p bị hư hỏng l&agrave; do ngư d&acirc;n bảo dưỡng, bảo tr&igrave; t&agrave;u kh&ocirc;ng ph&ugrave; hợp?.</p>\r\n\r\n<p>Hư hỏng t&ugrave;m lum</p>\r\n\r\n<p>Theo &ocirc;ng Phan Trọng Hổ, Gi&aacute;m đốc Sở NN&amp;PTNT tỉnh B&igrave;nh Định, sau khi nhận được 10 đơn kiến nghị của ngư d&acirc;n về t&igrave;nh h&igrave;nh hư hỏng v&agrave; bảo h&agrave;nh sửa chữa của c&aacute;c đơn vị đ&oacute;ng t&agrave;u l&agrave; C&ocirc;ng ty TNHH Đại Nguy&ecirc;n Dương v&agrave; C&ocirc;ng ty TNHH MTV Nam Triệu, đo&agrave;n kiểm tra gồm: Sở NN&amp; PTNT tỉnh, C&ocirc;ng an tỉnh, Bội đội Bi&ecirc;n ph&ograve;ng tỉnh, Chi cục Thủy sản tỉnh B&igrave;nh Định v&agrave; ch&iacute;nh quyền địa phương đ&atilde; tiến h&agrave;nh kiểm tra, đ&aacute;nh gi&aacute; t&igrave;nh h&igrave;nh hư hỏng, sửa chữa, bảo h&agrave;nh của 7 t&agrave;u c&aacute; vỏ th&eacute;p đ&oacute;ng tại 2 c&ocirc;ng ty n&oacute;i tr&ecirc;n.</p>\r\n\r\n<p>T&agrave;u vỏ th&eacute;p BĐ 99179 TS của ngư d&acirc;n Mai Văn Chương (tr&uacute; huyện Ph&ugrave; C&aacute;t) vỏ t&agrave;u, mặt boong, cabin, c&aacute;c thiết bị tr&ecirc;n boong t&agrave;u rỉ s&eacute;t, hư hỏng trầm trọng<br />\r\nT&agrave;u vỏ th&eacute;p BĐ 99179 TS của ngư d&acirc;n Mai Văn Chương (tr&uacute; huyện Ph&ugrave; C&aacute;t) vỏ t&agrave;u, mặt boong, cabin, c&aacute;c thiết bị tr&ecirc;n boong t&agrave;u rỉ s&eacute;t, hư hỏng trầm trọng<br />\r\nKết quả, 3 t&agrave;u vỏ th&eacute;p đ&oacute;ng tại C&ocirc;ng ty TNHH Đại Nguy&ecirc;n Dương (t&agrave;u BĐ 99018 TS, BĐ 99179 TS, BĐ 99027 TS) đều c&oacute; vỏ t&agrave;u, mặt boong, trang thiết bị tr&ecirc;n boong t&agrave;u... bị rỉ s&eacute;t, bong tr&oacute;c v&agrave; xuống cấp trầm trọng; k&eacute;t dầu bị hỏng, chảy dầu, đường dẫn nước biển l&agrave;m m&aacute;t m&aacute;y bị hỏng, hỏng m&aacute;y ch&iacute;nh, m&aacute;y ph&aacute;t điện hoạt động kh&ocirc;ng ổn định, d&agrave;n lạnh kh&ocirc;ng ổn định, d&agrave;n đ&egrave;n bị nổ...</p>\r\n\r\n<p>C&ograve;n 4 t&agrave;u c&aacute; vỏ th&eacute;p (BĐ 99279 TS, BĐ 99016 TS, BĐ 99144 TS, BĐ 99086 TS) đ&oacute;ng tại C&ocirc;ng ty TNHH MTV Nam Triệu (Hải Ph&ograve;ng) cũng bị hư hỏng ở một số bộ phận như: vỏ t&agrave;u v&agrave; th&acirc;n t&agrave;u đều bị rỉ s&eacute;t, h&agrave;u b&aacute;m nhiều, m&aacute;y ph&aacute;t điện bị lỗi, hầm bảo quản kh&ocirc;ng tốt, kh&ocirc;ng giữ được lạnh, m&aacute;y ch&iacute;nh bị hỏng hộp số,...</p>\r\n\r\n<p>H&agrave;ng loạt t&agrave;u c&aacute; vỏ th&eacute;p của ngư d&acirc;n B&igrave;nh Định vừa hạ thủy kh&ocirc;ng l&acirc;u đ&atilde; hư hỏng đang nằm bờ để sửa chữa<br />\r\nH&agrave;ng loạt t&agrave;u c&aacute; vỏ th&eacute;p của ngư d&acirc;n B&igrave;nh Định vừa hạ thủy kh&ocirc;ng l&acirc;u đ&atilde; hư hỏng đang nằm bờ để sửa chữa<br />\r\nNgo&agrave;i ra, 3 t&agrave;u kh&aacute;c đang đ&aacute;nh bắt ở ngo&agrave;i khơi xa chưa kiểm tra, tuy nhi&ecirc;n qua phản &aacute;nh của ngư d&acirc;n th&igrave; c&aacute;c t&agrave;u n&agrave;y cũng bị t&igrave;nh trạng hư hỏng tương tự n&ecirc;u tr&ecirc;n. Điều l&agrave;m ngư d&acirc;n bức x&uacute;c, khi t&agrave;u bị sự cố, chủ t&agrave;u đ&atilde; l&agrave;m đơn v&agrave; li&ecirc;n lạc nhiều lần với C&ocirc;ng ty TNHH Đại Nguy&ecirc;n Dương nhưng cơ sở đ&oacute;ng t&agrave;u chỉ cử c&aacute;n bộ kỹ thuật sửa chữa c&aacute;c hư hỏng nhẹ, chưa thực hiện bảo h&agrave;nh vỏ t&agrave;u.</p>\r\n\r\n<p>C&ograve;n C&ocirc;ng ty TNHH MTV Nam Triệu c&oacute; cử c&aacute;n bộ kỹ thuật đến sửa chữa, bảo h&agrave;nh nhưng rất chậm, nhất l&agrave; m&aacute;y ch&iacute;nh phải sửa chữa, thay thế nhiều lần nhưng chưa khắc phục được, t&agrave;u c&aacute; phải nằm bờ, ngư d&acirc;n kh&ocirc;ng thể ra khơi đ&aacute;nh bắt thủy sản, g&acirc;y thiệt hại rất lớn cho chủ t&agrave;u.</p>\r\n\r\n<p>Ngư d&acirc;n tố c&ocirc;ng ty đ&oacute;ng t&agrave;u d&ugrave;ng th&eacute;p &ldquo;dỏm&rdquo;</p>\r\n\r\n<p>Thực tế theo quan s&aacute;t của ph&oacute;ng vi&ecirc;n, t&agrave;u vỏ th&eacute;p BĐ 99567 TS (của &ocirc;ng Nguyễn Văn Mạnh (56 tuổi, tr&uacute; th&ocirc;n Ph&uacute; H&ograve;a, x&atilde; Mỹ Đức, huyện Ph&ugrave; Mỹ, B&igrave;nh Định) do C&ocirc;ng ty Việt H&agrave;n (H&agrave; Nội) vẽ thiết kế v&agrave; C&ocirc;ng ty TNHH Đại Nguy&ecirc;n Dương (Nam Định) đ&oacute;ng, đang neo đậu tại Cảng c&aacute; Đề Gi (huyện Ph&ugrave; C&aacute;t, B&igrave;nh Định) c&oacute; phần vỏ t&agrave;u v&agrave; th&acirc;n t&agrave;u bị rỉ s&eacute;t, xuống cấp nghi&ecirc;m trọng.</p>\r\n\r\n<p>Theo &ocirc;ng Mạnh, đến th&aacute;ng 7/2017 t&agrave;u mới đến thời hạn t&aacute;i kiểm định, nhưng hiện chiếc t&agrave;u n&oacute;i tr&ecirc;n đ&atilde; xuống cấp trầm trọng. Ngư d&acirc;n kh&ocirc;ng thể biết c&ocirc;ng ty d&ugrave;ng th&eacute;p c&oacute; đ&uacute;ng chất lượng như hợp đồng để đ&oacute;ng hay d&ugrave;ng th&eacute;p k&eacute;m chất lượng.</p>\r\n\r\n<p>&ldquo;Trong hợp đồng, t&agrave;u vỏ th&eacute;p của t&ocirc;i được đ&oacute;ng th&eacute;p H&agrave;n Quốc, thế nhưng trong qu&aacute; tr&igrave;nh tham gia gi&aacute;m s&aacute;t việc đ&oacute;ng t&agrave;u tại nh&agrave; m&aacute;y, con trai t&ocirc;i ph&aacute;t hiện t&agrave;u của m&igrave;nh được đ&oacute;ng bằng th&eacute;p Trung Quốc. Khi con trai t&ocirc;i phản &aacute;nh rồi lấy điện thoại chụp h&igrave;nh những mẫu vật liệu th&eacute;p của Trung Quốc để l&agrave;m bằng chứng th&igrave; bị nh&acirc;n vi&ecirc;n nh&agrave; m&aacute;y đ&oacute;ng t&agrave;u hăm dọa&rdquo; - &ocirc;ng Mạnh cho hay.</p>\r\n\r\n<p>T&agrave;u c&aacute; vỏ th&eacute;p BĐ 99567 TS của ngư d&acirc;n Nguyễn Văn Mạnh (56 tuổi, tr&uacute; th&ocirc;n Ph&uacute; H&ograve;a, x&atilde; Mỹ Đức, huyện Ph&ugrave; Mỹ, B&igrave;nh Định) do C&ocirc;ng ty TNHH Đại Nguy&ecirc;n Dương (Nam Định) đ&oacute;ng đ&atilde; bị hư hỏng đang nằm ở cảng c&aacute; Đề Gi (huyện Ph&ugrave; C&aacute;t, B&igrave;nh Định) để sửa chữa<br />\r\nT&agrave;u c&aacute; vỏ th&eacute;p BĐ 99567 TS của ngư d&acirc;n Nguyễn Văn Mạnh (56 tuổi, tr&uacute; th&ocirc;n Ph&uacute; H&ograve;a, x&atilde; Mỹ Đức, huyện Ph&ugrave; Mỹ, B&igrave;nh Định) do C&ocirc;ng ty TNHH Đại Nguy&ecirc;n Dương (Nam Định) đ&oacute;ng đ&atilde; bị hư hỏng đang nằm ở cảng c&aacute; Đề Gi (huyện Ph&ugrave; C&aacute;t, B&igrave;nh Định) để sửa chữa<br />\r\nAnh Nguyễn Văn Khỏe (36 tuổi, con trai &ocirc;ng Mạnh), bức x&uacute;c kể lại: &ldquo;Khi c&ocirc;ng ty đang đ&oacute;ng t&agrave;u c&aacute; BĐ 99567 TS tại Nam Định, t&ocirc;i đến để kiểm tra v&agrave; ph&aacute;t hiện đơn vị đ&oacute;ng t&agrave;u d&ugrave;ng th&eacute;p của Trung Quốc, kh&ocirc;ng phải th&eacute;p H&agrave;n Quốc như đ&atilde; ghi trong hợp đồng. T&ocirc;i lấy điện thoại để chụp lại phần th&eacute;p Trung Quốc th&igrave; bị c&ocirc;ng nh&acirc;n đ&oacute;ng t&agrave;u hăm dọa, qu&aacute;t th&aacute;o đuổi xuống t&agrave;u...&rdquo;.</p>\r\n\r\n<p>Trong khi đ&oacute;, t&agrave;u vỏ th&eacute;p BĐ 99086 TS của ngư d&acirc;n Đinh C&ocirc;ng Kh&aacute;nh (tr&uacute; th&ocirc;n An Quang T&acirc;y, x&atilde; C&aacute;t Kh&aacute;nh, huyện Ph&ugrave; C&aacute;t, B&igrave;nh Định), đ&oacute;ng tại C&ocirc;ng ty TNHH MTV Nam Triệu lại nghi ngờ m&aacute;y ch&iacute;nh của t&agrave;u kh&ocirc;ng phải l&agrave; m&aacute;y mới nhưng ngư d&acirc;n kh&ocirc;ng biết l&agrave;m thế n&agrave;o để kiểm tra.</p>\r\n\r\n<p>T&agrave;u hư lỗi do ngư d&acirc;n?</p>\r\n\r\n<p>Trao đổi về việc n&agrave;y, &ocirc;ng Phan Trọng Hổ cho rằng: &ldquo;Việc ngư d&acirc;n phản &aacute;nh trong hợp đồng d&ugrave;ng th&eacute;p H&agrave;n Quốc đ&oacute;ng t&agrave;u nhưng c&ocirc;ng ty lại d&ugrave;ng th&eacute;p Trung Quốc. Việc n&agrave;y ph&iacute;a c&aacute;c c&ocirc;ng ty n&oacute;i rằng trong hợp đồng chỉ n&oacute;i ti&ecirc;u chuẩn kỹ thuật, chứ kh&ocirc;ng n&oacute;i loại th&eacute;p xuất xứ từ đ&acirc;u. B&acirc;y giờ c&ocirc;ng ty n&oacute;i l&agrave;m đ&uacute;ng ti&ecirc;u chuẩn kỹ thuật, n&ecirc;n việc n&agrave;y ch&uacute;ng t&ocirc;i sẽ đề nghị Trung t&acirc;m Đăng kiểm can thiệp kiểm tra c&oacute; &yacute; kiến. C&ograve;n ngư d&acirc;n n&oacute;i d&ugrave;ng m&aacute;y cũ, nhưng c&ocirc;ng ty n&oacute;i m&aacute;y mới. B&acirc;y giờ chưa biết ai đ&uacute;ng, ai sai. Sau khi l&agrave;m việc, nếu hai b&ecirc;n kh&ocirc;ng thống nhất th&igrave; ch&uacute;ng t&ocirc;i sẽ mời một đơn vị thẩm định, l&uacute;c đ&oacute; mới hay cũ biết liền&rdquo;.</p>\r\n\r\n<p>Theo &ocirc;ng Phan Trọng Hổ, sau khi nghe c&aacute;c kiến nghị của ngư d&acirc;n, c&aacute;c c&ocirc;ng ty đ&oacute;ng t&agrave;u lại cho rằng việc t&agrave;u c&aacute; bị hư hỏng l&agrave; do ngư d&acirc;n bảo dưỡng, bảo tr&igrave; t&agrave;u kh&ocirc;ng ph&ugrave; hợp. Bởi trước kia b&agrave; con sử dụng t&agrave;u vỏ gỗ quen với quy tr&igrave;nh 6 th&aacute;ng mới b&atilde;o dưỡng, c&ograve;n b&acirc;y giờ t&agrave;u vỏ th&eacute;p th&igrave; khi đi về phải bảo dưỡng ngay. Quy tr&igrave;nh vận h&agrave;nh t&agrave;u, một số thuyền trưởng, m&aacute;y trưởng, thuyền vi&ecirc;n của một số t&agrave;u chưa nắm bắt r&otilde;. C&aacute;c c&ocirc;ng ty đ&oacute;ng t&agrave;u cũng cho rằng đơn vị m&igrave;nh hợp đồng mua m&aacute;y t&agrave;u tại c&aacute;c đơn vị c&oacute; uy t&iacute;n, khi c&oacute; sự cố họ lại giải quyết kịp thời... Trung t&acirc;m Đăng kiểm t&agrave;u c&aacute; cũng cho rằng c&ocirc;ng ty đ&oacute;ng t&agrave;u đ&uacute;ng theo thiết kế, ngư lưới cụ đ&uacute;ng theo thiết kế, việc kiểm định đ&uacute;ng theo quy định Nh&agrave; nước.</p>\r\n\r\n<p>Nhiều t&agrave;u vỏ th&eacute;p của ngư d&acirc;n B&igrave;nh Định mới đ&oacute;ng đ&atilde; bị hư hỏng, rỉ s&eacute;t, m&aacute;y ch&iacute;nh hư hỏng...<br />\r\nNhiều t&agrave;u vỏ th&eacute;p của ngư d&acirc;n B&igrave;nh Định mới đ&oacute;ng đ&atilde; bị hư hỏng, rỉ s&eacute;t, m&aacute;y ch&iacute;nh hư hỏng...<br />\r\nCũng theo &ocirc;ng Hổ, trước khi thực hiện Nghị định 67 của Ch&iacute;nh phủ, Sở NN&amp;PTNT B&igrave;nh Định đ&atilde; n&oacute;i r&otilde; những quy định cho b&agrave; con ngư d&acirc;n. Trước khi k&yacute; hợp đồng đ&oacute;ng t&agrave;u, b&agrave; con phải mời tư vấn gi&aacute;m s&aacute;t v&igrave; nếu kh&ocirc;ng c&oacute; th&igrave; chất lượng t&agrave;u theo thiết kế sẽ kh&ocirc;ng đảm bảo. Sở NN&amp;PTNT cũng n&oacute;i, nếu b&agrave; con cần từ vấn gi&aacute;m s&aacute;t th&igrave; cứ b&aacute;o c&aacute;o, Sở NN&amp;PTNN sẽ hỗ trợ nhưng b&agrave; con sợ tốn tiền. B&acirc;y giờ, vỡ lẽ chất lượng t&agrave;u như ngư d&acirc;n phản &aacute;nh vỏ th&eacute;p mỏng, d&ugrave;ng th&eacute;p của Trung Quốc, m&aacute;y m&oacute;c cũ, nhưng cơ sở đ&oacute;ng t&agrave;u n&oacute;i m&aacute;y tốt. C&aacute;i n&agrave;y l&agrave; do thiếu tư vấn gi&aacute;m s&aacute;t?</p>\r\n\r\n<p>&ldquo;Tại buổi đối thoại, l&atilde;nh đạo Sở NN&amp;PTNT tỉnh B&igrave;nh Định y&ecirc;u cầu 2 c&ocirc;ng ty đ&oacute;ng t&agrave;u phải giải quyết dứt điểm những kiến nghị, phản &aacute;nh của ngư d&acirc;n. Nếu kh&ocirc;ng giải quyết dứt điểm ch&uacute;ng t&ocirc;i sẽ b&aacute;o c&aacute;o UBND tỉnh th&agrave;nh lập 1 đo&agrave;n kiểm tra v&agrave; sẽ b&aacute;o l&ecirc;n Bộ NN&amp;PTNN&rdquo;- &ocirc;ng Hổ n&oacute;i.</p>\r\n\r\n<p>Cửa t&agrave;u bị hư hỏng<br />\r\nCửa t&agrave;u bị hư hỏng<br />\r\nDo&atilde;n C&ocirc;ng</p>', 'cong-ty-dong-tau-do-loi-do-ngu-dan-bao-duong-khong-phu-hop', 'vS5Fp_tau-vo-thep-mang-ten-khanh-do-bd-99086-ts-cua-ong-dinh-cong-khanh-o-cung-xa-cat-khanh-1494127759491.jpg', null, '1', '1', '2017-05-07 18:45:00', '1', null, null, '2017-05-07 18:50:57', '2017-05-07 18:50:57');
INSERT INTO `articles` VALUES ('5', 'Nha Trang: Khách Trung Quốc nhộn nhịp về đêm trên \"phố Tây\"', '<p>Những con phố được mệnh danh l&agrave; &quot;phố T&acirc;y&quot; Nha Trang gần đ&acirc;y nhộn nhịp du kh&aacute;ch Trung Quốc. Sau khi kết th&uacute;c tour ban ng&agrave;y, kh&aacute;ch Trung Quốc cũng ra đường kh&aacute;m ph&aacute; Nha Trang về đ&ecirc;m.<br />\r\nTối 6/5, c&aacute;c con đường tr&ecirc;n &quot;phố T&acirc;y&quot; Nha Trang như H&ugrave;ng Vương, Trần Quang Khải, Nguyễn Thiện Thuật... nhộn nhịp du kh&aacute;ch Trung Quốc. Từ c&aacute;c h&agrave;ng qu&aacute;n tr&aacute;i c&acirc;y vỉa h&egrave;, c&aacute;c điểm b&aacute;n đồ ăn vặt cho đến c&aacute;c nh&agrave; h&agrave;ng sang trọng tr&ecirc;n c&aacute;c tuyến đường n&agrave;y đều c&oacute; kh&aacute;ch Trung Quốc gh&eacute; thăm mua sắm, ăn uống v&agrave; sử dụng dịch vụ.</p>\r\n\r\n<p>Kh&aacute;ch Trung Quốc l&agrave; d&ograve;ng kh&aacute;ch quốc tế đến Nha Trang đ&ocirc;ng nhất hiện nay. Cụ thể, theo Sở Du lịch tỉnh Kh&aacute;nh H&ograve;a, trong 3 th&aacute;ng đầu năm nay, kh&aacute;ch Trung Quốc đạt hơn 284.000 lượt, tăng hơn 264%. Kh&aacute;ch Trung Quốc tăng đột biến c&ugrave;ng với kh&aacute;ch Nga đang phục hồi, đ&atilde; l&agrave;m cho thị trường kh&aacute;ch nội địa đến Nha Trang hạn chế.</p>\r\n\r\n<p>Theo Sở Du lịch Kh&aacute;nh H&ograve;a, hiện nay c&aacute;c c&ocirc;ng ty lữ h&agrave;nh đ&atilde; đặt gần như k&iacute;n ph&ograve;ng đối với nh&oacute;m kh&aacute;ch sạn 3 đến 5 sao để phục vụ kh&aacute;ch Nga, Trung Quốc cho đến hết năm 2017. Cho n&ecirc;n, việc đặt ph&ograve;ng của kh&aacute;ch nội địa đối với nh&oacute;m kh&aacute;ch sạn 3 sao l&agrave; rất kh&oacute; n&ecirc;n lượng kh&aacute;ch nội địa đến Nha Trang v&agrave;o dịp lễ 30/4 vừa qua kh&ocirc;ng nhiều.</p>\r\n\r\n<p>Du kh&aacute;ch Trung Quốc b&ecirc;n một h&agrave;ng qu&aacute;n ven đường ở phố T&acirc;y Nha Trang<br />\r\nDu kh&aacute;ch Trung Quốc b&ecirc;n một h&agrave;ng qu&aacute;n ven đường ở &quot;phố T&acirc;y&quot; Nha Trang<br />\r\nDu kh&aacute;ch Trung Quốc tr&ecirc;n đường Biệt Thự, Nha Trang<br />\r\nDu kh&aacute;ch Trung Quốc tr&ecirc;n đường Biệt Thự, Nha Trang<br />\r\nMột nh&oacute;m kh&aacute;ch Trung Quốc dạo phố Nha Trang về đ&ecirc;m<br />\r\nMột nh&oacute;m kh&aacute;ch Trung Quốc dạo phố Nha Trang về đ&ecirc;m<br />\r\nC&aacute;c nh&agrave; h&agrave;ng hải sản ở phố T&acirc;y Nha Trang thường c&oacute; đ&ocirc;ng kh&aacute;ch Trung Quốc đến ăn uống<br />\r\nC&aacute;c nh&agrave; h&agrave;ng hải sản ở &quot;phố T&acirc;y&quot; Nha Trang thường c&oacute; đ&ocirc;ng kh&aacute;ch Trung Quốc đến ăn uống<br />\r\nKh&aacute;ch Trung Quốc mua tr&aacute;i c&acirc;y b&aacute;n tr&ecirc;n đường phố<br />\r\nKh&aacute;ch Trung Quốc mua tr&aacute;i c&acirc;y b&aacute;n tr&ecirc;n đường phố</p>\r\n\r\n<p>Du kh&aacute;ch Trung Quốc tản bộ tr&ecirc;n phố<br />\r\nDu kh&aacute;ch Trung Quốc tản bộ tr&ecirc;n phố<br />\r\nAnh ch&agrave;ng cao bồi b&aacute;n tr&aacute;i c&acirc;y v&agrave; c&aacute;c nữ du kh&aacute;ch Trung Quốc<br />\r\n&quot;Anh ch&agrave;ng cao bồi&quot; b&aacute;n tr&aacute;i c&acirc;y v&agrave; c&aacute;c nữ du kh&aacute;ch Trung Quốc<br />\r\nMột nh&agrave; h&agrave;ng ẩm thực Việt đ&oacute;n nhiều kh&aacute;ch Trung Quốc đến ăn uống v&agrave;o buổi tối<br />\r\nMột nh&agrave; h&agrave;ng ẩm thực Việt đ&oacute;n nhiều kh&aacute;ch Trung Quốc đến ăn uống v&agrave;o buổi tối<br />\r\nPhố T&acirc;y Nha Trang nhộn nhịp kh&aacute;ch Trung Quốc về đ&ecirc;m<br />\r\nPhố T&acirc;y Nha Trang nhộn nhịp kh&aacute;ch Trung Quốc về đ&ecirc;m<br />\r\nThủy Nguy&ecirc;n</p>', 'nha-trang-khach-trung-quoc-nhon-nhip-ve-dem-tren-pho-tay', '', null, '1', '6', '2017-05-07 18:52:00', '1', null, null, '2017-05-07 18:54:42', '2017-05-07 18:57:36');
INSERT INTO `articles` VALUES ('6', 'Những thiết kế siêu du thuyền mới nhất dành cho tỉ phú', '<p>Từ chiếc du thuyền với m&aacute;y bay trực thăng kiểu James Bond tr&ecirc;n boong, đến du thuyền với căn hộ penthouse hướng biển, những thiết kế n&agrave;y chỉ d&agrave;nh ri&ecirc;ng cho c&aacute;c tỉ ph&uacute; đ&ocirc;la.<br />\r\nH&igrave;nh ảnh về những chiếc du thuyền &ldquo;trong mơ&rdquo; chưa bao giờ thấy, xuất bản trong tạp ch&iacute; Futureyachts cho thấy tầm quan trọng của việc thiết kế c&aacute;c du thuyền tiết kiệm năng lượng, với hệ thống động cơ hybirrd v&agrave; c&aacute;nh buồm dự ph&ograve;ng. V&agrave; tất nhi&ecirc;n, ch&uacute;ng kh&ocirc;ng d&agrave;nh cho những người &iacute;t tiền.</p>\r\n\r\n<p><br />\r\nDu thuyền Blue Coas d&agrave;i 60 m&eacute;t, được chế tạo bởi chuy&ecirc;n gia thiết kế Coste Design của Ph&aacute;p, cung cấp c&aacute;c ph&ograve;ng nghỉ sang trọng v&agrave; khung cảnh tuyệt vời nh&igrave;n từ cửa sổ bao quanh</p>\r\n\r\n<p><br />\r\nTomahawk 52 m&eacute;t, l&agrave; sản phẩm của c&ocirc;ng ty đ&oacute;ng t&agrave;u Columbus Yachts của &Yacute; với sự hợp t&aacute;c của Marco Casali trong phần thiết kế. C&aacute;i t&ecirc;n Tomahawk đến từ sự tương đồng trong h&igrave;nh c&aacute;nh cung của thuyền với c&aacute;i r&igrave;u của người Mỹ bản địa. N&oacute; c&oacute; boong t&agrave;u trực thăng v&agrave; s&acirc;n ngo&agrave;i trời.</p>\r\n\r\n<p><br />\r\nNordis, do Oliver Stacey v&agrave; BMT Nigel Gee thiết kế , l&agrave; một t&agrave;u thăm d&ograve; với buồm trợ gi&uacute;p. Với h&igrave;nh d&aacute;ng mạnh mẽ, t&agrave;u c&oacute; thể đi đến cả hai cực, băng qua băng d&agrave;y v&agrave; c&aacute;c v&ugrave;ng nước nguy hiểm</p>\r\n\r\n<p><br />\r\nDự &aacute;n Atlas l&agrave; một sự hợp t&aacute;c của c&aacute;c h&atilde;ng thiết kế du thuyền H2 v&agrave; h&atilde;ng h&agrave;ng kh&ocirc;ng Laurent Giles Superyacht Architects, c&oacute; c&aacute;nh buồm để tiết kiệm nhi&ecirc;n liệu v&agrave; hạn chế ảnh hưởng đến m&ocirc;i trường</p>\r\n\r\n<p><br />\r\nL&#39;Amage l&agrave; một ph&aacute;t minh của Hamid Bekradi của HBD Studios v&agrave; Christoph Kuhnert của Du thuyền Hải qu&acirc;n Hamburg. Dự &aacute;n l&agrave; một si&ecirc;u du thuyền tương lai bằng c&aacute;ch sử dụng c&ocirc;ng nghệ hiện đại, chứa được 28 kh&aacute;ch trong 14 ph&ograve;ng nghỉ chưa kể ph&ograve;ng ri&ecirc;ng của chủ nh&agrave;, c&ugrave;ng 70 chỗ nghỉ kh&aacute;c cho thủy thủ đo&agrave;n. Du thuyền c&oacute; c&aacute;c kh&ocirc;ng gian giải tr&iacute; bao gồm một quầy bar cocktail, s&agrave;n nhảy v&agrave; hồ bơi v&ocirc; cực. Boong t&agrave;u cực c&oacute; tầm nh&igrave;n ra biển kh&ocirc;ng bị giới hạn.</p>\r\n\r\n<p><br />\r\nAdventure 4008 được thiết kế bởi c&ocirc;ng ty thiết kế du thuyền Damen của H&agrave; Lan. N&oacute; được đ&aacute;nh gi&aacute; l&agrave; một chiếc t&agrave;u ho&agrave;n hảo d&agrave;nh cho những người t&igrave;m kiếm sự vui vẻ ngo&agrave;i trời với s&agrave;n nhảy ph&iacute;a sau t&agrave;u c&ugrave;ng t&agrave;u con thoi, t&agrave;u thủy v&agrave; t&agrave;u cung cấp lương thực. N&oacute; cũng c&oacute; thể trở th&agrave;nh một s&acirc;n bay trực thăng.</p>\r\n\r\n<p><br />\r\nArgo l&agrave; si&ecirc;u phẩm của Rossinavi v&agrave; nh&agrave; thiết kế người Anh Ken Freivokh. Chiếc t&agrave;u thăm d&ograve; n&agrave;y c&oacute; một cần cẩu được thiết kế ri&ecirc;ng c&ugrave;ng t&agrave;u ngầm c&aacute; nh&acirc;n v&agrave; một t&agrave;u đổ bộ hạ c&aacute;nh. Boong sau cũng c&oacute; s&agrave;n s&acirc;n bay.</p>\r\n\r\n<p><br />\r\nAndr&eacute; Hoek d&agrave;i 56 m&eacute;t được thiết kế bởi Turquoise Yachts, Thổ Nhĩ Kỳ gợi nhớ một chiếc t&agrave;u hơi nước cổ điển nhưng n&oacute; được thiết kế để trở th&agrave;nh một con t&agrave;u thăm d&ograve; cho thế kỷ 21. Trong số c&aacute;c t&iacute;nh năng nổi bật của n&oacute; l&agrave; hệ thống dẫn đường vệ tinh hiện đại</p>\r\n\r\n<p><br />\r\nMột chiếc t&agrave;u hybrid kh&aacute;c, &yacute; tưởng của thủy thủ người Ph&aacute;p nổi tiếng Mark Pajot, c&oacute; t&ecirc;n Komorebi, c&oacute; hai c&aacute;nh buồm, sẽ dễ d&agrave;ng đạt đến 12 hải l&yacute;, giảm lượng nhi&ecirc;n liệu đốt ch&aacute;y tới 30%. C&aacute;nh buồm c&oacute; 3 n&uacute;t điều khiển, c&oacute; 5 cabin v&agrave; kh&ocirc;ng gian giải tr&iacute; rộng r&atilde;i ph&iacute;a dưới.</p>\r\n\r\n<p><br />\r\nĐang được đưa v&agrave;o sản xuất tại nh&agrave; m&aacute;y đ&oacute;ng t&agrave;u Kocaeli của Turquoise, Thổ Nhĩ Kỳ v&agrave; dự kiến sẽ ra mắt trong năm 2019 l&agrave; Dự &aacute;n Barracuda. C&aacute;c t&iacute;nh năng cao cấp bao gồm ph&ograve;ng kh&aacute;ch v&agrave; quầy bar tr&ecirc;n tầng thượng, ph&ograve;ng x&ocirc;ng hơi ướt, ph&ograve;ng m&aacute;t-xa, ph&ograve;ng tập thể dục trong nh&agrave; v&agrave; ngo&agrave;i trời v&agrave; ph&ograve;ng kh&aacute;ch c&oacute; tầm nh&igrave;n rộng ba tầng. Dự &aacute;n Barracuda sẽ phục vụ 16 kh&aacute;ch trong suite của chủ sở hữu, 2 ph&ograve;ng VIP v&agrave; 4 cabin kh&aacute;ch</p>\r\n\r\n<p><br />\r\nSpectrum l&agrave; dự &aacute;n của C&ocirc;ng ty Thiết kế Nauta Yachts v&agrave; Oceanco. Du thuyền c&oacute; 4 s&agrave;n, đủ sức chứa chỗ ở cho 14 kh&aacute;ch. Cửa sổ lớn, ban c&ocirc;ng rộng r&atilde;i với &aacute;nh s&aacute;ng đầy đủ, tầng dưới c&ugrave;ng l&agrave; ph&ograve;ng chăm s&oacute;c sức khỏe, ph&ograve;ng x&ocirc;ng hơi, khu spa v&agrave; ph&ograve;ng m&aacute;t-xa. Ngo&agrave;i ra c&ograve;n c&oacute; hai khu vực s&acirc;n thượng lớn</p>\r\n\r\n<p><br />\r\nChiếc du thuyền n&agrave;y được thiết kế để trở th&agrave;nh kh&aacute;ch sạn sang trọng cho những du kh&aacute;ch si&ecirc;u sang. Y-Club l&agrave; thiết kế của kiến tr&uacute;c sư Hải qu&acirc;n người Đức Frank Neubelt sẽ được quản l&yacute; như một kh&aacute;ch sạn 5 sao, đủ chỗ cho 36 kh&aacute;ch v&agrave; 50 thuyền vi&ecirc;n phục vụ. C&aacute;c s&agrave;n ngo&agrave;i bao gồm một s&acirc;n nằm phơi nắng v&agrave; m&aacute;y bay trực thăng, tất cả c&aacute;c suite đều c&oacute; ban c&ocirc;ng v&agrave; ph&ograve;ng thay đồ ri&ecirc;ng biệt</p>\r\n\r\n<p><br />\r\nKh&aacute;i niệm mới của Horacio Bozzo cho Fincantieri l&agrave; Private Bay. Du thuyền c&oacute; đủ chỗ ở cho 18 kh&aacute;ch v&agrave; 8 cabin VIP. C&aacute;c t&iacute;nh năng nổi bật kh&aacute;c bao gồm hồ bơi v&ocirc; cực c&ugrave;ng quầy cocktail, rạp chiếu phim ngo&agrave;i trời v&agrave; cầu thang gấp lại để dễ d&agrave;ng đi ra biển</p>\r\n\r\n<p><br />\r\nDự &aacute;n Atlas l&agrave; sự hợp t&aacute;c của h&atilde;ng thiết kế du thuyền Anh quốc v&agrave; Laurent Giles Superyacht Architects. Kh&ocirc;ng gian boong rộng với nhiều hồ bơi v&agrave; bồn tắm nước n&oacute;ng nhiều giờ cho kh&aacute;ch thư gi&atilde;n</p>\r\n\r\n<p>Hữu Nguy&ecirc;n</p>', 'nhung-thiet-ke-sieu-du-thuyen-moi-nhat-danh-cho-ti-phu', 'gUYxQ_photo-13-1493772873236.png', null, '1', '6', '2017-05-07 18:55:00', '1', null, null, '2017-05-07 18:57:23', '2017-05-07 18:57:23');
INSERT INTO `articles` VALUES ('7', 'Xu hướng combo du lịch cho hai người rẻ mà sang', '<p>Du lịch theo kiểu combo 2 người với đặc điểm linh hoạt về thời gian, tiết kiệm chi ph&iacute; tối đa so với mua dịch vụ đơn lẻ v&agrave; cho ph&eacute;p l&agrave;m chủ h&agrave;nh tr&igrave;nh đang trở th&agrave;nh tr&agrave;o lưu thịnh h&agrave;nh trong cộng đồng đam m&ecirc; x&ecirc; dịch. H&atilde;y c&ugrave;ng Vietrantour kh&aacute;m ph&aacute; ngay xu hướng n&agrave;y nh&eacute;!<br />\r\n&ldquo;Giải m&atilde;&rdquo; điểm vượt trội của Tour Combo</p>\r\n\r\n<p>Tour Combo l&agrave; sự kết hợp c&aacute;c dịch vụ &ldquo;tối giản&rdquo; như: ph&ograve;ng nghỉ kh&aacute;ch sạn v&agrave; v&eacute; vui chơi hoặc chương tr&igrave;nh tham quan tại điểm &frac12; ng&agrave;y (c&oacute; hướng dẫn vi&ecirc;n, phương tiện di chuyển, bảo hiểm trọn tour&hellip;). C&ograve;n lại bạn được tự do thiết kế lịch tr&igrave;nh ngo&agrave;i combo từ c&aacute;c điểm tham quan, mua sắm đến thưởng thức ẩm thực tại bất cứ đ&acirc;u hợp t&uacute;i tiền v&agrave; khẩu vị.</p>\r\n\r\n<p>Lợi thế lớn nhất l&agrave; bạn tiết kiệm được thời gian t&igrave;m hiểu, đặt dịch vụ v&agrave; chi ph&iacute; thấp hơn đến 50% so với mua đơn lẻ. Chưa kể bạn c&ograve;n được miễn ph&iacute; tư vấn th&ocirc;ng tin du lịch hữu &iacute;ch từ c&aacute;c chuy&ecirc;n gia của Vietrantour v&agrave; linh hoạt chọn hạng dịch vụ kh&aacute;ch sạn từ 3 &ndash; 5*, độ d&agrave;i chuyến đi hay khởi h&agrave;nh ngay khi sắp xếp được thời gian.</p>\r\n\r\n<p><br />\r\nTour combo đặc biệt th&iacute;ch hợp với những bạn trẻ năng động, ưa tự do kh&aacute;m ph&aacute; nhưng hạn chế bởi t&agrave;i ch&iacute;nh. Ngo&agrave;i ra, đ&acirc;y cũng l&agrave; lựa chọn l&yacute; tưởng cho những ai muốn du lịch kết hợp chụp ảnh cưới, thăm th&acirc;n, bạn b&egrave; hay đi c&ocirc;ng t&aacute;c.</p>\r\n\r\n<p>B&ugrave;ng nổ Tour Combo khuyến m&atilde;i &ldquo;sốc&rdquo; tại Vietrantour</p>\r\n\r\n<p>Tour Combo Nha Trang</p>\r\n\r\n<p>2 sản phẩm của Vietrantour gồm 3N2Đ nghỉ dưỡng tại kh&aacute;ch sạn 4* An Vista hoặc Novotel k&egrave;m v&eacute; tham quan Vinpearl Land cho 2 người trị gi&aacute; từ 3,3 &ndash; 6,4 triệu l&agrave; lựa chọn h&agrave;ng đầu cho những ai mong muốn một m&ugrave;a h&egrave; s&ocirc;i động v&agrave; l&atilde;ng mạn.</p>\r\n\r\n<p>Trong khi An Vistal 4* sở hữu nội thất trang nh&atilde; với bể bơi ngo&agrave;i trời cho ph&eacute;p du kh&aacute;ch thư gi&atilde;n trong l&agrave;n nước m&aacute;t v&agrave; ngắm to&agrave;n cảnh th&agrave;nh phố từ tầng 20, th&igrave; Novotel 4* g&acirc;y ấn tượng bằng phong c&aacute;ch sang trọng với 154 ph&ograve;ng nghỉ ban c&ocirc;ng hướng biển thơ mộng. Tọa lạc ngay trung t&acirc;m th&agrave;nh phố, bạn c&oacute; thể tản bộ ra biển, ngắm những b&atilde;i c&aacute;t trắng &ocirc;m trọn biển xanh ngọc b&iacute;ch v&agrave; cảm nhận hương vị mặn m&ograve;i tr&ecirc;n c&aacute;c ghe, thuyền đầy c&aacute;&hellip;</p>\r\n\r\n<p><br />\r\nNgo&agrave;i lặn ngụp kh&aacute;m ph&aacute; sinh vật kỳ th&uacute; dưới l&ograve;ng biển, bạn được trải nghiệm cảm gi&aacute;c lơ lửng tr&ecirc;n cabin c&aacute;p treo vượt biển d&agrave;i nhất thế giới 3.320m để đặt ch&acirc;n tới thi&ecirc;n đường giải tr&iacute; Vinpearl Land. Sau khi th&aacute;ch thức h&agrave;ng chục đường trượt kh&aacute;c nhau trong c&ocirc;ng vi&ecirc;n nước rộng 60.000m2, đừng qu&ecirc;n chinh phục v&ocirc; số tr&ograve; mạo hiểm tại Quảng trường C&aacute; heo, tham quan thủy cung lớn nhất Việt Nam v&agrave; thưởng thức tr&igrave;nh diễn nhạc nước ấn tượng.</p>\r\n\r\n<p>Tour combo Quy Nhơn</p>\r\n\r\n<p>Chẳng cần đến Hy Lạp xa x&ocirc;i để thu trọn bối cảnh trong bom tấn H&agrave;n Quốc &ldquo;Hậu duệ mặt trời&rdquo;, bởi Quy Nhơn cũng sở hữu những h&ograve;n đảo đẹp m&ecirc; hồn. Hiện Vietrantour mở b&aacute;n combo tour H&ograve;n Kh&ocirc; &ndash; Kỳ Co cho 2 người với đa dạng lựa chọn kh&aacute;ch sạn 3N2Đ gồm: Ho&agrave;ng Yến 3*, Hải &Acirc;u 4*, Mường Thanh 4* v&agrave; FLC Quy Nhơn 4* gi&aacute; từ 2,7 &ndash; 7,6 triệu.</p>\r\n\r\n<p><br />\r\nC&aacute;c tiện &iacute;ch cao cấp của kh&aacute;ch sạn FLC Quy Nhơn 4 sao</p>\r\n\r\n<p>Theo đ&oacute;, kh&aacute;ch sạn Ho&agrave;ng Yến đậm n&eacute;t kiến tr&uacute;c ch&acirc;u &Acirc;u với ph&ograve;ng Deluxe rộng r&atilde;i, ban c&ocirc;ng hướng biển để du kh&aacute;ch h&ograve;a m&igrave;nh trong nắng gi&oacute; bất tận của miền Trung. Hay Hải &Acirc;u 4* gồm 170 ph&ograve;ng nghỉ cao cấp, hệ thống 3 quầy bar kh&ocirc;ng gian l&atilde;ng mạn - nơi bạn ngắm to&agrave;n cảnh th&agrave;nh phố lấp l&aacute;nh dưới m&agrave;n đ&ecirc;m huyền ảo. V&agrave; FLC Quy Nhơn với nhiều tiện nghi độc đ&aacute;o như bể bơi nước mặn h&agrave;ng đầu Việt Nam, s&acirc;n Golf nằm trong top 3 s&acirc;n Golf Links đẹp nhất Đ&ocirc;ng Nam &Aacute;&hellip;</p>\r\n\r\n<p><br />\r\nVẻ đẹp h&uacute;t hồn của đảo H&ograve;n Kh&ocirc;, Quy Nhơn</p>\r\n\r\n<p>C&aacute;ch trung t&acirc;m TP Quy Nhơn khoảng 15km, đảo H&ograve;n Kh&ocirc; lại quyến rũ bởi những b&atilde;i c&aacute;t d&agrave;i phẳng mịn, dịch vụ lặn biển ngắm san h&ocirc; v&agrave; hải sản tươi ngon với rượu B&agrave;u Đ&aacute; cay nồng. Đảo Kỳ Co - &ldquo;Maldives của Việt Nam&rdquo; - lại c&oacute; biển xanh trong vắt, nắng v&agrave;ng rực rỡ, những hồ nước tự nhi&ecirc;n tạo bởi v&aacute;ch đ&aacute; v&agrave; s&oacute;ng biển cho đến h&agrave;ng loạt th&uacute; vui như: bắt s&ograve; ốc v&agrave; hải s&acirc;m, ch&egrave;o thuyền th&uacute;ng&hellip;</p>\r\n\r\n<p><br />\r\nTour combo Ph&uacute; Quốc</p>\r\n\r\n<p>C&aacute;c tour combo Ph&uacute; Quốc dịp h&egrave; của Vietrantour c&oacute; gi&aacute; rất phải chăng với v&eacute; vui chơi Vinpearl Land cho 2 người k&egrave;m 3N2Đ ở kh&aacute;ch sạn hoặc resort 4 &ndash; 5* như: Ocean Pearl, Elwood, Novotel v&agrave; Mường Thanh Luxury gi&aacute; từ 3,7 &ndash; 5,4 triệu.</p>\r\n\r\n<p><br />\r\nKh&ocirc;ng gian ph&ograve;ng nghỉ tại Novotel Resort 5 sao</p>\r\n\r\n<p>Nếu Ocean Pearl 4* sở hữu vị tr&iacute; gần nhiều điểm tham quan th&uacute; vị như l&agrave;ng ch&agrave;i H&agrave;m Ninh, chợ đ&ecirc;m Dinh Cậu, b&atilde;i Sao&hellip;v&agrave; 169 ph&ograve;ng nghỉ sang trọng, sử dụng nội thất gỗ cao cấp; th&igrave; Elwood Resort gồm 39 bungalow rộng đến 50m2, gần gũi với thi&ecirc;n nhi&ecirc;n khi mang cả gi&oacute; biển mặn m&agrave; v&agrave;o ph&ograve;ng nghỉ m&agrave; vẫn đủ tiện nghi hiện đại. Xứng danh ti&ecirc;u chuẩn 5*, Novotel Resort c&oacute; tổng cộng 366 ph&ograve;ng b&agrave;i tr&iacute; đa phong c&aacute;ch, bể bơi ri&ecirc;ng ph&ugrave; hợp cho ai muốn c&oacute; kh&ocirc;ng gian ri&ecirc;ng tư, 2 quầy Pool Bar v&agrave; nh&agrave; h&agrave;ng phục vụ c&aacute;c m&oacute;n chế biến từ nguy&ecirc;n liệu cao cấp qua b&agrave;n tay t&agrave;i hoa của c&aacute;c đầu bếp chuy&ecirc;n nghiệp.</p>\r\n\r\n<p>Với ưu đ&atilde;i từ Vietrantour, bạn sẽ c&oacute; nhiều trải nghiệm bất ngờ khi kh&aacute;m ph&aacute; khu vui chơi giải tr&iacute; Vinpearl Land Ph&uacute; Quốc rộng đến 170.000m2 gồm: c&ocirc;ng vi&ecirc;n nước, thủy cung với h&agrave;ng ng&agrave;n sinh vật biển qu&yacute; hiếm, l&acirc;u đ&agrave;i cổ t&iacute;ch, phố mua sắm hội tụ nhiều thương hiệu nổi tiếng, tr&igrave;nh diễn nhạc nước nghệ thuật với hiệu ứng đ&egrave;n laser v&agrave; kh&oacute;i lửa kỳ ảo&hellip;</p>\r\n\r\n<p>Tour combo Đ&agrave; Nẵng</p>\r\n\r\n<p>H&egrave; n&agrave;y, c&ugrave;ng Vietrantour gh&eacute; thăm Đ&agrave; Nẵng để h&ograve;a m&igrave;nh trong lễ hội ph&aacute;o hoa quốc tế lớn nhất ch&acirc;u &Aacute; từ 30/4 &ndash; 24/6/2017, nghỉ dưỡng tại kh&aacute;ch sạn Hadana Boutique 4* hoặc Olalani Resort &amp; Condotel 5* trong 3N2Đ tặng k&egrave;m tour C&ugrave; Lao Ch&agrave;m cho 2 người gi&aacute; từ 3,3 triệu.</p>\r\n\r\n<p>Hadana Boutique 4* l&agrave; lựa chọn ho&agrave;n hảo cho ai y&ecirc;u th&iacute;ch phong c&aacute;ch đơn giản m&agrave; hiện đại với 54 ph&ograve;ng kh&eacute;p k&iacute;n đủ tiện nghi, quầy bar Sơn Tr&agrave; hướng nh&igrave;n ra s&ocirc;ng H&agrave;n v&agrave; nh&agrave; h&agrave;ng phục vụ buffet s&aacute;ng đủ m&oacute;n &Aacute; &ndash; &Acirc;u hấp dẫn. C&ograve;n Olalani được kiến tạo theo phong c&aacute;ch nhiệt đới Hawaii với 285 ph&ograve;ng cao cấp tầm nh&igrave;n ra biển, kh&ocirc;ng gian thiết kế xanh m&aacute;t c&ugrave;ng h&agrave;ng loạt dịch vụ thư gi&atilde;n, sức khỏe v&agrave; giải tr&iacute;&hellip;</p>\r\n\r\n<p><br />\r\nThỏa sức &ldquo;giải nhiệt, trốn n&oacute;ng&rdquo; tại C&ugrave; Lao Ch&agrave;m c&ugrave;ng Vietrantour</p>\r\n\r\n<p>Đến C&ugrave; Lao Ch&agrave;m, nơi được UNESCO c&ocirc;ng nhận l&agrave; khu dự trữ sinh quyển thế giới rộng 15km2, bạn c&ograve;n trải qua những gi&acirc;y ph&uacute;t thi vị khi c&ugrave;ng ngư d&acirc;n địa phương c&acirc;u c&aacute;, lặn biển chi&ecirc;m ngưỡng san h&ocirc; v&agrave; h&agrave;ng trăm lo&agrave;i c&aacute; độc đ&aacute;o, sống lại với bao truyền thuyết tại ch&ugrave;a Hải Tạng linh thi&ecirc;ng v&agrave; thỏa sức mua qu&agrave; lưu niệm tại chợ T&acirc;n Hiệp.</p>\r\n\r\n<p>Tour combo Hạ Long</p>\r\n\r\n<p>G&oacute;i combo du lịch vịnh Hạ Long của Vietrantour gồm 3 ng&agrave;y nghỉ dưỡng tại Mường Thanh Luxury 5* k&egrave;m v&eacute; vui chơi Sun World cho 2 người gi&aacute; từ 3,3 triệu.</p>\r\n\r\n<p><br />\r\nVới 2 lần được UNESCO c&ocirc;ng nhận Di sản thế giới, Hạ Long mang vẻ đẹp tiềm ẩn trong từng cảnh sắc</p>\r\n\r\n<p>Tọa lạc ngay trung t&acirc;m du lịch B&atilde;i Ch&aacute;y, Mường Thanh Luxury chia th&agrave;nh 6 hạng ph&ograve;ng từ Deluxe đến Presidential Suite với kh&ocirc;ng gian sang trọng v&agrave; tinh tế. Tuyệt nhất l&agrave; chỉ cần mở cửa sổ ph&ograve;ng nghỉ, to&agrave;n cảnh non nước Hạ Long sẽ thu gọn trong tầm mắt hay thỏa sức giải tr&iacute; tại hồ bơi ngo&agrave;i trời, khu liệu ph&aacute;p spa, ph&ograve;ng karaoke&hellip;. C&ograve;n tổ hợp c&ocirc;ng vi&ecirc;n vui chơi đẳng cấp quốc tế Sun World rộng 169ha ấn tượng với t&agrave;u lượn si&ecirc;u tốc d&agrave;i nhất ch&acirc;u &Aacute; &ldquo;Phi Long thần tốc&rdquo; 1,1km; c&ocirc;ng vi&ecirc;n nước Vịnh Lốc Xo&aacute;y, v&ograve;ng quay Sun Weel cao 215m&hellip; hay trải nghiệm c&aacute;p treo Nữ ho&agrave;ng giữ 2 kỷ lục thế giới.</p>\r\n\r\n<p>ĐỊA CHỈ LI&Ecirc;N HỆ CỦA VIETRANTOUR V&Agrave; C&Aacute;C ĐIỂM B&Aacute;N</p>\r\n\r\n<p>VIETRANTOUR (Trụ sở)<br />\r\nTel: (04/ 024)73056789 | Hotline: +84935996789<br />\r\nĐịa chỉ: 33 Tr&agrave;ng Thi, Q.Ho&agrave;n Kiếm, H&agrave; Nội<br />\r\nWebsite: www.vietrantour.com.vn<br />\r\nFacebook: https://www.facebook.com/Vietrantour.com.vn/</p>\r\n\r\n<p>------<br />\r\nVietrantour Hải Ph&ograve;ng<br />\r\nTel: (031/ 0225)3836255 | Hotline: +84911055255 | +84934256255<br />\r\nĐịa chỉ: 23 Điện Bi&ecirc;n Phủ, Ng&ocirc; Quyền, TP. Hải Ph&ograve;ng<br />\r\n------<br />\r\nVietrantour Tuy&ecirc;n Quang<br />\r\nTel: (0207)3818889 | Hotline: +84961636862<br />\r\nĐịa chỉ: 316-318, Đường 17/8, TP. Tuy&ecirc;n Quang<br />\r\n------<br />\r\nVietrantour Thanh H&oacute;a<br />\r\nTel: (0237)8686886| Hotline: +84915040793<br />\r\nĐịa chỉ: 54 Từ Đạo Hạnh, Đ&ocirc;ng Bắc Ga, P. Đ&ocirc;ng Thọ, TP. Thanh Ho&aacute;</p>', 'xu-huong-combo-du-lich-cho-hai-nguoi-re-ma-sang', 'ed5HE_photo-5-1493477295937.png', null, '1', '6', '2017-05-07 18:58:00', '1', null, null, '2017-05-07 19:01:22', '2017-05-07 19:01:22');
INSERT INTO `articles` VALUES ('8', 'Đội hình “khủng” kết hợp giữa MU và Arsenal: Quỷ đỏ chiếm ưu thế', '<p>Trước trận đấu giữa Arsenal v&agrave; MU h&ocirc;m nay, h&atilde;y thử lắp gh&eacute;p những ng&ocirc;i sao của hai đội để t&igrave;m ra đội h&igrave;nh &ldquo;khủng&rdquo;.<br />\r\n&nbsp;&gt;&gt; Arsenal - Man Utd: Kh&ocirc;ng thắng th&igrave; nguy<br />\r\n&nbsp;&gt;&gt; Mourinho điền t&ecirc;n h&agrave;ng loạt cầu thủ trẻ thi đấu với Arsenal<br />\r\nThủ m&ocirc;n</p>\r\n\r\n<p>De Gea (Man Utd): Rất kh&oacute; để lựa chọn giữa Petr Cech v&agrave; De Gea. Cả hai đều xuất sắc v&agrave; l&agrave; thần hộ mệnh trong khung gỗ của hai CLB. D&ugrave; vậy, De Gea chiếm ch&uacute;t ưu thế nhờ trẻ hơn v&agrave; c&oacute; gi&aacute; trị hơn tr&ecirc;n thị trường chuyển nhượng.</p>\r\n\r\n<p>De Gea l&agrave; chốt chặn tin cậy của MU<br />\r\nDe Gea l&agrave; chốt chặn tin cậy của MU<br />\r\nHậu vệ</p>\r\n\r\n<p>Matteo Darmian (Man Utd): Valencia sẽ kh&ocirc;ng tham dự trận đấu n&agrave;y, c&ograve;n Bellerin đ&atilde; mất suất khi HLV Wenger chuyển sang sơ đồ 3-4-2-1. Trong bối cảnh ấy, Darmian l&agrave; sự lựa chọn hợp l&yacute;. Cầu thủ người Italia được kỳ vọng c&oacute; thể thay thế tốt Valencia ở b&ecirc;n h&agrave;ng lang c&aacute;nh phải của Quỷ đỏ.</p>\r\n\r\n<p>Koscielny (Arsenal): Trung vệ người Ph&aacute;p vẫn duy tr&igrave; được sự ổn định v&agrave; l&agrave; điểm tựa ở h&agrave;ng thủ của Arsenal ở m&ugrave;a giải n&agrave;y. Lối chơi th&ocirc;ng minh c&ugrave;ng khả năng tranh chấp tốt gi&uacute;p Koscielny đang l&agrave; một trong những trung vệ tốt nhất Premier League.</p>\r\n\r\n<p>Eric Bailly (Man Utd): Trung vệ người Bờ Biển Ng&agrave; l&agrave; bản hợp đồng đ&aacute;ng đồng tiền b&aacute;t gạo của MU. Lối chơi x&ocirc;ng x&aacute;o, kh&ocirc;ng ngại va chạm của cầu thủ n&agrave;y khiến bất kỳ cầu thủ n&agrave;o Premier League cũng phải ngại khi đối diện với anh.</p>\r\n\r\n<p>Nacho Monreal (Arsenal): Vị tr&iacute; hậu vệ tr&aacute;i của MU kh&aacute; bất ổn ở m&ugrave;a giải n&agrave;y. Trong khi đ&oacute;, Arsenal c&oacute; thể h&agrave;i l&ograve;ng với Monreal. Khả năng l&ecirc;n c&ocirc;ng về thủ tốt gi&uacute;p hậu vệ người T&acirc;y Ban Nha gi&uacute;p &iacute;ch rất nhiều cho Arsenal.</p>\r\n\r\n<p>Koscielny l&agrave; trung vệ h&agrave;ng đầu ở Premier League<br />\r\nKoscielny l&agrave; trung vệ h&agrave;ng đầu ở Premier League<br />\r\nTiền vệ</p>\r\n\r\n<p>Michael Carrick (Man Utd): Mourinho từng gọi Carrick l&agrave; &ldquo;hiện tượng của MU&rdquo;. Ở tuổi 35, anh vẫn l&agrave; nh&acirc;n tố quan trọng của Quỷ đỏ nhờ khả năng đạo diễn v&ocirc; c&ugrave;ng tuyệt vời ở khu vực trung tuyến.</p>\r\n\r\n<p>Paul Pogba (Man Utd): Pogba đ&atilde; chơi cực tốt trong trận đấu với Celta Vigo vừa qua. Cầu thủ n&agrave;y đ&atilde; c&acirc;n cả tuyến giữa của MU với sự hoạt động kh&ocirc;ng biết mệt mỏi ở khu vực giữa s&acirc;n. D&ugrave; vậy, tiền vệ người Ph&aacute;p vẫn chưa thể tỏa s&aacute;ng ở những trận đấu lớn ở m&ugrave;a giải n&agrave;y.</p>\r\n\r\n<p>Ander Herrera (Man Utd): Herrera đang được đ&aacute;nh gi&aacute; l&agrave; một trong những &ldquo;m&aacute;y qu&eacute;t&rdquo; tốt nhất ở Premier League. Cầu thủ n&agrave;y đang được v&iacute; với h&igrave;nh ảnh của tiền bối Roy Keane trong thời gian thi đấu cho MU.</p>\r\n\r\n<p>Mesut Ozil (Arsenal): D&ugrave; bị chỉ tr&iacute;ch kh&aacute; nhiều nhưng Mesut Ozil vẫn l&agrave; nh&acirc;n tố đ&aacute;ng ch&uacute; &yacute; của Arsenal. Chỉ cần một đường chuyền sắc b&eacute;n của tiền vệ người Đức, mọi thứ c&oacute; thể thay đổi.</p>\r\n\r\n<p>Rashford thi đấu tốt trong vai tr&ograve; thay thế Ibrahimovic<br />\r\nRashford thi đấu tốt trong vai tr&ograve; thay thế Ibrahimovic<br />\r\nTiền đạo</p>\r\n\r\n<p>Marcus Rashford (Man Utd): Rashford đ&atilde; chơi rất tốt trong vai tr&ograve; thay thế Ibrahimovic. Cầu thủ n&agrave;y ng&agrave;y c&agrave;ng ho&agrave;n thiện kỹ năng v&agrave; thi đấu chững chạc hơn. Paul Scholes thừa nhận anh đ&atilde; nh&igrave;n thấy tố chất của ng&ocirc;i sao tương lai ở Rashford.</p>\r\n\r\n<p>Alexis Sanchez (Arsenal): Sanchez đ&atilde; g&aacute;nh cả đội Arsenal ở m&ugrave;a giải n&agrave;y. Tiền đạo người Chile đ&atilde; ghi 24 b&agrave;n thắng tr&ecirc;n mọi đấu trường cho &ldquo;Ph&aacute;o thủ&rdquo;, trong đ&oacute; c&oacute; 19 pha lập c&ocirc;ng ở Premier League.</p>\r\n\r\n<p>H.Long</p>', 'doi-hinh-khung-ket-hop-giua-mu-va-arsenal-quy-do-chiem-uu-the', 'u4dAM_de-gea-1494127076176.jpg', null, '1', '4', '2017-05-07 19:01:00', '1', null, null, '2017-05-07 19:04:19', '2017-05-07 19:04:19');
INSERT INTO `articles` VALUES ('9', 'HLV Hoàng Anh Tuấn chốt danh sách U20 Việt Nam dự World Cup', '<p>&nbsp;Trưa nay, HLV Ho&agrave;ng Anh Tuấn đ&atilde; ch&iacute;nh thức chốt lại danh s&aacute;ch 21 cầu thủ U20 Việt Nam để đăng k&yacute; với FIFA. Theo đ&oacute;, 4 cầu thủ sẽ bị loại nhưng hai trong số n&agrave;y vẫn đương sang H&agrave;n Quốc để&hellip; dự ph&ograve;ng.<br />\r\n&nbsp;&gt;&gt; Ai sẽ bị loại khỏi đội tuyển U20 Việt Nam?<br />\r\nTheo danh s&aacute;ch 25 trước đ&oacute;, HLV Ho&agrave;ng Anh Tuấn đ&atilde; loại Tiến Dụng, Thanh Hậu, Th&aacute;i Qu&yacute; v&agrave; Tiến Anh. Tất cả những cầu thủ bị loại n&agrave;y đều li&ecirc;n quan đến chấn thương. Tuy nhi&ecirc;n, Thanh Hậu v&agrave; Tiến Anh vẫn được đi c&ugrave;ng đội U20 Việt Nam sang H&agrave;n Quốc, theo diện dự ph&ograve;ng. Theo quy định, đến s&aacute;t ng&agrave;y khai mạc c&aacute;c đội vẫn được quyền thay đổi nh&acirc;n sự, nếu như c&oacute; vấn đề về sức khoẻ với cầu thủ c&oacute; t&ecirc;n trong danh s&aacute;ch chốt trước đ&oacute;.</p>\r\n\r\n<p><br />\r\nHLV Ho&agrave;ng Anh Tuấn đ&atilde; lựa chọn xong danh s&aacute;ch 21 cầu thủ dự World Cup - Ảnh: Gia Hưng<br />\r\nHLV Ho&agrave;ng Anh Tuấn đ&atilde; lựa chọn xong danh s&aacute;ch 21 cầu thủ dự World Cup - Ảnh: Gia Hưng<br />\r\nNhiều khả năng nếu c&oacute; sự thay đổi n&agrave;o, th&igrave; cũng phải đến trận thứ 2 của U20 Việt Nam tại bảng E, Thanh Hậu v&agrave; Tiến Anh mới c&oacute; thể b&igrave;nh phục.</p>\r\n\r\n<p>Theo kế hoạch, ng&agrave;y mai (8/5), VFF sẽ gửi danh s&aacute;ch 21 cầu thủ n&agrave;y để đăng k&yacute; với FIFA. Trong trường hợp c&oacute; ph&aacute;t sinh chấn thương, 2 cầu thủ dự ph&ograve;ng sẽ được bổ sung trước buổi họp kỹ thuật trước thềm FIFA U20 World Cup 2017.</p>\r\n\r\n<p>Theo kế hoạch, ng&agrave;y mai (8/5), U20 Việt Nam sẽ di chuyển v&agrave;i TP HCM để chuẩn bị cho cuộc so t&agrave;i với U20 Argentina (10/5). Sau khi kết th&uacute;c trận đấu với U20 Argentina, U20 Việt Nam di chuyển từ TP HCM sang H&agrave;n Quốc v&agrave;o 11/5. Do l&agrave; đội đến sớm nhất, thầy tr&ograve; HLV Ho&agrave;ng Anh Tuấn chưa được tới địa điểm thi đấu ở Cheonan ngay m&agrave; phải di chuyển xuống th&agrave;nh phố cảng Mokpo để tập luyện v&agrave; thi đấu giao hữu với U20 Vanuatu.</p>\r\n\r\n<p>Danh s&aacute;ch U20 Việt Nam dự FIFA U20 World Cup 2017:</p>\r\n\r\n<p>Thủ m&ocirc;n (3): Nguyễn B&aacute; Minh Hiếu, Đỗ Sỹ Huy (H&agrave; Nội), B&ugrave;i Tiến Dũng (Thanh H&oacute;a).</p>\r\n\r\n<p>Hậu vệ (7): Đỗ Thanh Thịnh (Đ&agrave; Nẵng), Đo&agrave;n Văn Hậu, Đặng Văn Tới (H&agrave; Nội), Hồ Tấn T&agrave;i (B&igrave;nh Định), Trần Đ&igrave;nh Trọng (S&agrave;i G&ograve;n FC), Huỳnh Tấn Sinh (Quảng Nam), Nguyễn Trọng Đại (Viettel).</p>\r\n\r\n<p>Tiền vệ (9): Tống Anh Tỷ, Nguyễn Quang Hải, Hồ Minh Dĩ (CLB H&agrave; Nội), Đinh Thanh B&igrave;nh, Trần Thanh Sơn, Lương Ho&agrave;ng Nam (HAGL), Dương Văn H&agrave;o, Nguyễn Ho&agrave;ng Đức (Viettel).</p>\r\n\r\n<p>Tiền đạo (3): Nguyễn Tiến Linh (B&igrave;nh Dương), H&agrave; Đức Chinh (Đ&agrave; Nẵng), Trần Th&agrave;nh (Huế).</p>\r\n\r\n<p>Dự bị: Tiến Anh (Viettel), Thanh Hậu (HAGL)</p>\r\n\r\n<p>Phan Thanh Hậu l&agrave; c&aacute;i t&ecirc;n mới nhất c&oacute; t&ecirc;n trong danh s&aacute;ch những cầu thủ chấn thương ở đội tuyển U20 Việt Nam. Cầu thủ n&agrave;y phải lỡ hẹn với s&acirc;n chơi U20 World Cup &iacute;t ng&agrave;y tới do kh&ocirc;ng kịp b&igrave;nh phục.</p>\r\n\r\n<p>Thanh Hậu d&ugrave; c&oacute; thể h&igrave;nh mỏng cơm gần như nhất đội tuyển U20 Việt Nam nhưng anh lại được đ&aacute;nh gi&aacute; rất cao về thể lực. Tuy nhi&ecirc;n, với gi&aacute;o &aacute;n tập luyện rất nặng của HLV Ho&agrave;ng Anh Tuấn, bất cứ cầu thủ n&agrave;o cũng c&oacute; thể d&iacute;nh chấn thương, Thanh Hậu cũng kh&ocirc;ng phải l&agrave; ngoại lệ.</p>\r\n\r\n<p>Chấn thương đang đe dọa U20 Việt Nam<br />\r\nChấn thương đang đe dọa U20 Việt Nam<br />\r\nTrong buổi tập h&ocirc;m qua, tiền vệ CLB HA Gia Lai đ&atilde; bị t&aacute;i ph&aacute;t chấn thương gi&atilde;n d&acirc;y chằng đầu gối. C&aacute;c b&aacute;c sĩ cho hay chấn thương n&agrave;y khiến Thanh Hậu phải nghỉ 1-2 tuần, điều đ&oacute; cũng c&oacute; nghĩa cơ hội kịp b&igrave;nh phục để sang H&agrave;n Quốc tham dự U20 World Cup l&agrave; kh&ocirc;ng thể với ch&acirc;n s&uacute;t người Quảng Ng&atilde;i.</p>\r\n\r\n<p>Chấn thương đang trở n&ecirc;n rất nghi&ecirc;m trọng ở đội tuyển U20 Việt Nam. Sau khi Tiến Dụng phải lỡ hẹn với U20 World Cup v&igrave; g&atilde;y đ&ograve;n vai, đến lượt nhiều trụ cột kh&aacute;c như Th&aacute;i Qu&yacute;, Thanh Hậu, Trọng Đại&hellip; cũng gia nhập v&agrave;o danh s&aacute;ch thương binh.</p>\r\n\r\n<p>Thời gian từ nay tới trận khai m&agrave;n chiến dịch U20 World Cup c&ograve;n khoảng hơn 10 ng&agrave;y nữa, nếu kh&ocirc;ng c&oacute; sự t&iacute;nh to&aacute;n, giảm khối lượng tập luyện, nhiều khả năng đội tuyển U20 Việt Nam sẽ c&ograve;n th&ecirc;m những ca chấn thương.</p>\r\n\r\n<p>Theo kế hoạch, ng&agrave;y mai đội tuyển U20 Việt Nam sẽ di chuyển v&agrave;o TP HCM để chuẩn bị cho trận giao hữu với U20 Argentina. Sau đ&oacute; đội sẽ l&ecirc;n đường sang H&agrave;n Quốc v&agrave;o ng&agrave;y 11/5.</p>\r\n\r\n<p>Việt Long</p>', 'hlv-hoang-anh-tuan-chot-danh-sach-u20-viet-nam-du-world-cup', 'h5aEA_u20-tap-2-1494140851697.jpg', null, '1', '4', '2017-05-07 19:04:00', '1', null, null, '2017-05-07 19:06:30', '2017-05-07 19:06:30');

-- ----------------------------
-- Table structure for article_tags
-- ----------------------------
DROP TABLE IF EXISTS `article_tags`;
CREATE TABLE `article_tags` (
  `id` int(10) unsigned NOT NULL AUTO_INCREMENT,
  `article_id` int(10) unsigned NOT NULL,
  `tag_id` int(10) unsigned NOT NULL,
  `created_at` timestamp NULL DEFAULT NULL,
  `updated_at` timestamp NULL DEFAULT NULL,
  PRIMARY KEY (`id`)
) ENGINE=InnoDB AUTO_INCREMENT=44 DEFAULT CHARSET=utf8 COLLATE=utf8_unicode_ci;

-- ----------------------------
-- Records of article_tags
-- ----------------------------
INSERT INTO `article_tags` VALUES ('5', '2', '4', '2017-05-07 18:42:31', '2017-05-07 18:42:31');
INSERT INTO `article_tags` VALUES ('6', '2', '5', '2017-05-07 18:42:31', '2017-05-07 18:42:31');
INSERT INTO `article_tags` VALUES ('7', '2', '6', '2017-05-07 18:42:31', '2017-05-07 18:42:31');
INSERT INTO `article_tags` VALUES ('8', '2', '7', '2017-05-07 18:42:31', '2017-05-07 18:42:31');
INSERT INTO `article_tags` VALUES ('13', '3', '1', '2017-05-07 18:45:34', '2017-05-07 18:45:34');
INSERT INTO `article_tags` VALUES ('14', '3', '2', '2017-05-07 18:45:34', '2017-05-07 18:45:34');
INSERT INTO `article_tags` VALUES ('15', '3', '3', '2017-05-07 18:45:34', '2017-05-07 18:45:34');
INSERT INTO `article_tags` VALUES ('16', '4', '8', '2017-05-07 18:50:57', '2017-05-07 18:50:57');
INSERT INTO `article_tags` VALUES ('17', '4', '9', '2017-05-07 18:50:57', '2017-05-07 18:50:57');
INSERT INTO `article_tags` VALUES ('18', '4', '10', '2017-05-07 18:50:57', '2017-05-07 18:50:57');
INSERT INTO `article_tags` VALUES ('19', '4', '11', '2017-05-07 18:50:57', '2017-05-07 18:50:57');
INSERT INTO `article_tags` VALUES ('23', '6', '15', '2017-05-07 18:57:23', '2017-05-07 18:57:23');
INSERT INTO `article_tags` VALUES ('24', '6', '16', '2017-05-07 18:57:24', '2017-05-07 18:57:24');
INSERT INTO `article_tags` VALUES ('25', '6', '17', '2017-05-07 18:57:24', '2017-05-07 18:57:24');
INSERT INTO `article_tags` VALUES ('26', '6', '18', '2017-05-07 18:57:24', '2017-05-07 18:57:24');
INSERT INTO `article_tags` VALUES ('27', '5', '12', '2017-05-07 18:57:37', '2017-05-07 18:57:37');
INSERT INTO `article_tags` VALUES ('28', '5', '13', '2017-05-07 18:57:37', '2017-05-07 18:57:37');
INSERT INTO `article_tags` VALUES ('29', '5', '14', '2017-05-07 18:57:37', '2017-05-07 18:57:37');
INSERT INTO `article_tags` VALUES ('30', '7', '19', '2017-05-07 19:01:23', '2017-05-07 19:01:23');
INSERT INTO `article_tags` VALUES ('31', '7', '20', '2017-05-07 19:01:23', '2017-05-07 19:01:23');
INSERT INTO `article_tags` VALUES ('32', '7', '21', '2017-05-07 19:01:23', '2017-05-07 19:01:23');
INSERT INTO `article_tags` VALUES ('33', '7', '22', '2017-05-07 19:01:23', '2017-05-07 19:01:23');
INSERT INTO `article_tags` VALUES ('34', '8', '23', '2017-05-07 19:04:19', '2017-05-07 19:04:19');
INSERT INTO `article_tags` VALUES ('35', '8', '24', '2017-05-07 19:04:19', '2017-05-07 19:04:19');
INSERT INTO `article_tags` VALUES ('36', '8', '25', '2017-05-07 19:04:19', '2017-05-07 19:04:19');
INSERT INTO `article_tags` VALUES ('37', '9', '26', '2017-05-07 19:06:30', '2017-05-07 19:06:30');
INSERT INTO `article_tags` VALUES ('38', '9', '27', '2017-05-07 19:06:30', '2017-05-07 19:06:30');
INSERT INTO `article_tags` VALUES ('39', '9', '28', '2017-05-07 19:06:30', '2017-05-07 19:06:30');
INSERT INTO `article_tags` VALUES ('40', '1', '1', '2017-05-08 02:37:29', '2017-05-08 02:37:29');
INSERT INTO `article_tags` VALUES ('41', '1', '2', '2017-05-08 02:37:30', '2017-05-08 02:37:30');
INSERT INTO `article_tags` VALUES ('42', '1', '3', '2017-05-08 02:37:30', '2017-05-08 02:37:30');
INSERT INTO `article_tags` VALUES ('43', '1', '4', '2017-05-08 02:37:30', '2017-05-08 02:37:30');

-- ----------------------------
-- Table structure for categories
-- ----------------------------
DROP TABLE IF EXISTS `categories`;
CREATE TABLE `categories` (
  `id` int(10) unsigned NOT NULL AUTO_INCREMENT,
  `cate_name` varchar(255) COLLATE utf8_unicode_ci NOT NULL,
  `parent_id` int(10) unsigned DEFAULT NULL,
  `slug` varchar(255) COLLATE utf8_unicode_ci NOT NULL,
  `description` varchar(255) COLLATE utf8_unicode_ci DEFAULT NULL,
  `created_at` timestamp NULL DEFAULT NULL,
  `updated_at` timestamp NULL DEFAULT NULL,
  PRIMARY KEY (`id`)
) ENGINE=InnoDB AUTO_INCREMENT=7 DEFAULT CHARSET=utf8 COLLATE=utf8_unicode_ci;

-- ----------------------------
-- Records of categories
-- ----------------------------
INSERT INTO `categories` VALUES ('1', 'Kinh tế', null, 'kinh-te', null, null, null);
INSERT INTO `categories` VALUES ('2', 'Sự kiện', null, 'su-kien', null, '2017-05-07 18:32:48', '2017-05-07 18:32:48');
INSERT INTO `categories` VALUES ('3', 'Xã hội', null, 'xa-hoi', null, '2017-05-07 18:33:05', '2017-05-07 18:33:05');
INSERT INTO `categories` VALUES ('4', 'Thể thao', null, 'the-thao', null, '2017-05-07 18:33:20', '2017-05-07 18:33:20');
INSERT INTO `categories` VALUES ('5', 'Giáo dục', null, 'giao-duc', null, '2017-05-07 18:33:33', '2017-05-07 18:33:33');
INSERT INTO `categories` VALUES ('6', 'Du lịch', null, 'du-lich', null, '2017-05-07 18:34:00', '2017-05-07 18:34:00');

-- ----------------------------
-- Table structure for comments
-- ----------------------------
DROP TABLE IF EXISTS `comments`;
CREATE TABLE `comments` (
  `id` int(10) unsigned NOT NULL AUTO_INCREMENT,
  `content_cmt` varchar(255) COLLATE utf8_unicode_ci NOT NULL,
  `user_id` int(10) unsigned NOT NULL,
  `article_id` int(10) unsigned NOT NULL,
  `parent_id` int(10) unsigned DEFAULT NULL,
  `created_at` timestamp NULL DEFAULT NULL,
  `updated_at` timestamp NULL DEFAULT NULL,
  PRIMARY KEY (`id`)
) ENGINE=InnoDB DEFAULT CHARSET=utf8 COLLATE=utf8_unicode_ci;

-- ----------------------------
-- Records of comments
-- ----------------------------

-- ----------------------------
-- Table structure for migrations
-- ----------------------------
DROP TABLE IF EXISTS `migrations`;
CREATE TABLE `migrations` (
  `id` int(10) unsigned NOT NULL AUTO_INCREMENT,
  `migration` varchar(255) COLLATE utf8_unicode_ci NOT NULL,
  `batch` int(11) NOT NULL,
  PRIMARY KEY (`id`)
) ENGINE=InnoDB AUTO_INCREMENT=44 DEFAULT CHARSET=utf8 COLLATE=utf8_unicode_ci;

-- ----------------------------
-- Records of migrations
-- ----------------------------
INSERT INTO `migrations` VALUES ('36', '2014_10_12_000000_create_users_table', '1');
INSERT INTO `migrations` VALUES ('37', '2014_10_12_100000_create_password_resets_table', '1');
INSERT INTO `migrations` VALUES ('38', '2017_04_24_062754_create_roles_table', '1');
INSERT INTO `migrations` VALUES ('39', '2017_04_26_081632_create_categories_table', '1');
INSERT INTO `migrations` VALUES ('40', '2017_04_30_114633_create_articles_table', '1');
INSERT INTO `migrations` VALUES ('41', '2017_05_03_105529_create_tags_table', '1');
INSERT INTO `migrations` VALUES ('42', '2017_05_03_105612_create_article__tags_table', '1');
INSERT INTO `migrations` VALUES ('43', '2017_05_06_223640_create_comments_table', '1');

-- ----------------------------
-- Table structure for password_resets
-- ----------------------------
DROP TABLE IF EXISTS `password_resets`;
CREATE TABLE `password_resets` (
  `email` varchar(255) COLLATE utf8_unicode_ci NOT NULL,
  `token` varchar(255) COLLATE utf8_unicode_ci NOT NULL,
  `created_at` timestamp NULL DEFAULT NULL,
  KEY `password_resets_email_index` (`email`)
) ENGINE=InnoDB DEFAULT CHARSET=utf8 COLLATE=utf8_unicode_ci;

-- ----------------------------
-- Records of password_resets
-- ----------------------------

-- ----------------------------
-- Table structure for roles
-- ----------------------------
DROP TABLE IF EXISTS `roles`;
CREATE TABLE `roles` (
  `id` int(10) unsigned NOT NULL AUTO_INCREMENT,
  `role_name` varchar(255) COLLATE utf8_unicode_ci NOT NULL,
  `created_at` timestamp NULL DEFAULT NULL,
  `updated_at` timestamp NULL DEFAULT NULL,
  PRIMARY KEY (`id`)
) ENGINE=InnoDB AUTO_INCREMENT=1001 DEFAULT CHARSET=utf8 COLLATE=utf8_unicode_ci;

-- ----------------------------
-- Records of roles
-- ----------------------------
INSERT INTO `roles` VALUES ('100', 'Chưa phân loại', null, null);
INSERT INTO `roles` VALUES ('300', 'Thành viên', null, null);
INSERT INTO `roles` VALUES ('500', 'Cộng tác viên', null, null);
INSERT INTO `roles` VALUES ('700', 'Biên tập viên', null, null);
INSERT INTO `roles` VALUES ('1000', 'Quản trị viên', null, null);

-- ----------------------------
-- Table structure for tags
-- ----------------------------
DROP TABLE IF EXISTS `tags`;
CREATE TABLE `tags` (
  `id` int(10) unsigned NOT NULL AUTO_INCREMENT,
  `name_tag` varchar(255) COLLATE utf8_unicode_ci NOT NULL,
  `created_at` timestamp NULL DEFAULT NULL,
  `updated_at` timestamp NULL DEFAULT NULL,
  PRIMARY KEY (`id`)
) ENGINE=InnoDB AUTO_INCREMENT=29 DEFAULT CHARSET=utf8 COLLATE=utf8_unicode_ci;

-- ----------------------------
-- Records of tags
-- ----------------------------
INSERT INTO `tags` VALUES ('1', 'xe tải', '2017-05-07 18:38:16', '2017-05-07 18:38:16');
INSERT INTO `tags` VALUES ('2', 'tai nạn', '2017-05-07 18:38:16', '2017-05-07 18:38:16');
INSERT INTO `tags` VALUES ('3', 'giao thông', '2017-05-07 18:38:16', '2017-05-07 18:38:16');
INSERT INTO `tags` VALUES ('4', 'trâu', '2017-05-07 18:38:16', '2017-05-07 18:38:16');
INSERT INTO `tags` VALUES ('5', 'thời tiết', '2017-05-07 18:42:31', '2017-05-07 18:42:31');
INSERT INTO `tags` VALUES ('6', 'sét', '2017-05-07 18:42:31', '2017-05-07 18:42:31');
INSERT INTO `tags` VALUES ('7', 'sét đánh', '2017-05-07 18:42:31', '2017-05-07 18:42:31');
INSERT INTO `tags` VALUES ('8', 'tàu cá', '2017-05-07 18:50:57', '2017-05-07 18:50:57');
INSERT INTO `tags` VALUES ('9', 'ngư dân', '2017-05-07 18:50:57', '2017-05-07 18:50:57');
INSERT INTO `tags` VALUES ('10', 'biển', '2017-05-07 18:50:57', '2017-05-07 18:50:57');
INSERT INTO `tags` VALUES ('11', 'cá', '2017-05-07 18:50:57', '2017-05-07 18:50:57');
INSERT INTO `tags` VALUES ('12', 'nha trang', '2017-05-07 18:54:42', '2017-05-07 18:54:42');
INSERT INTO `tags` VALUES ('13', 'trung quốc', '2017-05-07 18:54:43', '2017-05-07 18:54:43');
INSERT INTO `tags` VALUES ('14', 'phố tây', '2017-05-07 18:54:43', '2017-05-07 18:54:43');
INSERT INTO `tags` VALUES ('15', 'siêu du thuyền', '2017-05-07 18:57:23', '2017-05-07 18:57:23');
INSERT INTO `tags` VALUES ('16', 'tỷ phú', '2017-05-07 18:57:23', '2017-05-07 18:57:23');
INSERT INTO `tags` VALUES ('17', 'tàu du lịch', '2017-05-07 18:57:24', '2017-05-07 18:57:24');
INSERT INTO `tags` VALUES ('18', 'hamburg', '2017-05-07 18:57:24', '2017-05-07 18:57:24');
INSERT INTO `tags` VALUES ('19', 'combo du lịch', '2017-05-07 19:01:22', '2017-05-07 19:01:22');
INSERT INTO `tags` VALUES ('20', 'Tour Combo', '2017-05-07 19:01:23', '2017-05-07 19:01:23');
INSERT INTO `tags` VALUES ('21', 'chụp ảnh cưới', '2017-05-07 19:01:23', '2017-05-07 19:01:23');
INSERT INTO `tags` VALUES ('22', 'Hàn Quốc', '2017-05-07 19:01:23', '2017-05-07 19:01:23');
INSERT INTO `tags` VALUES ('23', 'mu', '2017-05-07 19:04:19', '2017-05-07 19:04:19');
INSERT INTO `tags` VALUES ('24', 'arsenal', '2017-05-07 19:04:19', '2017-05-07 19:04:19');
INSERT INTO `tags` VALUES ('25', 'quỷ đỏ', '2017-05-07 19:04:19', '2017-05-07 19:04:19');
INSERT INTO `tags` VALUES ('26', 'Hoang Anh Tuấn', '2017-05-07 19:06:30', '2017-05-07 19:06:30');
INSERT INTO `tags` VALUES ('27', 'u20 việt nam', '2017-05-07 19:06:30', '2017-05-07 19:06:30');
INSERT INTO `tags` VALUES ('28', 'world cup', '2017-05-07 19:06:30', '2017-05-07 19:06:30');

-- ----------------------------
-- Table structure for users
-- ----------------------------
DROP TABLE IF EXISTS `users`;
CREATE TABLE `users` (
  `id` int(10) unsigned NOT NULL AUTO_INCREMENT,
  `name` varchar(255) COLLATE utf8_unicode_ci NOT NULL,
  `email` varchar(255) COLLATE utf8_unicode_ci NOT NULL,
  `password` varchar(255) COLLATE utf8_unicode_ci NOT NULL,
  `avatar` varchar(255) COLLATE utf8_unicode_ci DEFAULT NULL,
  `role_id` int(10) unsigned NOT NULL,
  `remember_token` varchar(100) COLLATE utf8_unicode_ci DEFAULT NULL,
  `created_at` timestamp NULL DEFAULT NULL,
  `updated_at` timestamp NULL DEFAULT NULL,
  PRIMARY KEY (`id`),
  UNIQUE KEY `users_email_unique` (`email`)
) ENGINE=InnoDB AUTO_INCREMENT=2 DEFAULT CHARSET=utf8 COLLATE=utf8_unicode_ci;

-- ----------------------------
-- Records of users
-- ----------------------------
INSERT INTO `users` VALUES ('1', 'admin', 'admin@gmail.com', '$2y$10$b0wxa0I4p1ryGE5CxLUgWO20pBtzHl/IyZCswV4x75cVt9PFo80Am', null, '1000', null, null, null);
